home_id,home_value,home_age,square_feet,bedrooms,bathrooms,claims_history,flood_zone,burglary_rate,construction_type,credit_score,distance_to_fire_station,risk_score,annual_premium,had_claim
1,393451.0,46,1461,1,1.8,0,0,0.042,Wood,848.0,1.3,28.1,1118.23,0
2,767964.0,11,4683,2,2.6,0,1,0.097,Brick,740.0,8.5,57.3,1743.48,1
3,625796.0,15,4419,1,1.9,1,0,0.131,Brick,829.0,1.2,48.4,1538.9,1
4,539128.0,23,2668,5,2.5,0,0,0.006,Concrete,700.0,1.4,11.8,946.56,1
5,251412.0,18,3134,4,4.1,0,0,0.125,Concrete,685.0,4.6,36.8,1177.71,0
6,251396.0,7,4174,1,3.9,1,0,0.086,Wood,646.0,1.8,36.8,1177.7,1
7,187754.0,30,1816,5,3.2,2,1,0.091,Concrete,780.0,9.2,94.4,2009.88,1
8,713014.0,20,1007,4,4.0,0,0,0.078,Wood,655.0,5.0,28.6,1285.51,0
9,540725.0,16,3465,3,3.7,0,0,0.131,Brick,790.0,5.9,38.5,1347.86,1
10,610247.0,22,3293,1,2.5,0,0,0.007,Brick,649.0,9.3,19.5,1097.62,0
11,163380.0,36,1432,1,1.7,0,0,0.039,Concrete,744.0,5.5,27.7,997.19,1
12,780441.0,15,2902,3,2.8,0,0,0.131,Brick,620.0,3.9,36.1,1431.72,0
13,691088.0,5,3759,3,3.6,2,0,0.113,Wood,678.0,8.1,62.7,1786.04,1
14,288020.0,7,3883,1,2.5,1,0,0.003,Wood,701.0,4.7,23.1,990.51,1
15,268186.0,24,2731,3,3.3,0,0,0.078,Wood,670.0,3.5,28.7,1064.59,0
16,269213.0,17,4519,2,1.3,0,1,0.079,Brick,692.0,7.4,55.0,1459.61,1
17,347757.0,24,3362,4,3.6,0,1,0.06,Brick,692.0,8.1,54.7,1494.38,0
18,491092.0,11,2479,4,3.8,0,0,0.045,Brick,740.0,8.0,21.4,1066.55,0
19,430764.0,14,1036,4,3.5,0,0,0.102,Wood,596.0,9.8,35.8,1252.38,0
20,339299.0,25,2340,2,4.4,1,0,0.031,Wood,672.0,8.0,39.2,1257.65,1
21,547704.0,40,4743,3,3.9,0,0,0.12,Wood,763.0,7.8,47.8,1490.85,0
22,240671.0,44,1163,5,4.2,0,1,0.12,Wood,728.0,8.6,75.2,1748.34,1
23,339894.0,25,3168,3,4.3,0,0,0.062,Brick,764.0,0.5,22.9,1013.45,1
24,388135.0,46,1085,1,3.8,0,0,0.043,Concrete,738.0,3.9,30.9,1157.57,0
25,446445.0,31,948,4,3.4,0,0,0.043,Wood,646.0,7.5,28.5,1150.72,0
26,660364.0,9,4837,3,1.0,1,0,0.072,Brick,733.0,6.2,39.2,1418.18,1
27,279788.0,15,2566,5,2.6,0,1,0.108,Brick,705.0,2.2,54.8,1461.89,0
28,484252.0,6,1812,1,3.0,0,1,0.054,Concrete,813.0,3.4,41.6,1366.13,0
29,535069.0,16,3631,2,2.1,0,0,0.092,Concrete,740.0,3.7,28.5,1195.03,0
30,180193.0,22,3307,2,2.1,1,0,0.057,Brick,726.0,5.9,41.1,1206.6,1
31,544904.0,25,2323,5,4.4,1,1,0.046,Wood,733.0,8.4,67.6,1786.45,1
32,260841.0,20,3585,1,4.1,1,1,0.004,Brick,723.0,9.4,58.2,1503.42,1
33,192284.0,21,3356,4,4.0,0,0,0.001,Brick,722.0,7.6,16.2,839.14,0
34,766776.0,6,4525,3,2.4,0,0,0.034,Wood,687.0,8.5,17.7,1148.89,0
35,777661.0,13,2401,1,1.0,0,0,0.061,Wood,727.0,5.0,22.4,1224.83,0
36,675458.0,14,3208,2,1.3,0,0,0.128,Wood,747.0,4.2,35.4,1368.73,0
37,347999.0,6,1140,5,2.1,0,1,0.12,Brick,753.0,4.2,55.6,1508.0,0
38,213487.0,8,3617,5,1.1,0,0,0.04,Brick,747.0,6.4,17.6,870.74,0
39,594751.0,47,3296,3,1.1,0,1,0.037,Brick,775.0,1.7,52.9,1590.88,0
40,436099.0,7,2525,5,4.2,0,0,0.034,Brick,756.0,6.0,15.6,952.05,1
41,229325.0,49,2489,5,3.5,1,0,0.051,Brick,731.0,6.8,51.6,1388.66,1
42,471865.0,22,4067,1,2.1,0,0,0.075,Brick,643.0,4.7,28.5,1163.43,0
43,172353.0,28,1061,4,1.5,0,0,0.066,Brick,643.0,9.6,34.0,1096.18,1
44,741058.0,17,2242,3,2.8,1,0,0.033,Brick,688.0,6.3,34.7,1391.03,1
45,318207.0,30,1205,1,1.0,0,0,0.02,Wood,702.0,2.6,18.6,938.1,0
46,580639.0,29,2990,4,4.3,1,0,0.002,Brick,770.0,5.1,32.1,1271.82,1
47,352612.0,38,1043,1,2.5,0,0,0.023,Brick,561.0,6.9,26.7,1076.81,0
48,488044.0,34,4907,1,2.4,0,0,0.106,Wood,648.0,3.6,38.4,1320.02,0
49,505362.0,17,1360,5,2.4,0,0,0.037,Brick,690.0,1.3,15.5,985.18,1
50,270155.0,41,4937,4,1.2,0,0,0.07,Wood,650.0,6.0,36.4,1181.08,1
51,780230.0,38,3525,3,3.2,0,0,0.089,Brick,660.0,9.5,42.5,1527.62,0
52,653836.0,16,1393,3,3.6,0,0,0.133,Brick,675.0,5.1,38.1,1398.42,1
53,760674.0,13,2626,4,3.4,1,0,0.133,Brick,653.0,9.1,55.9,1718.84,1
54,731638.0,30,4029,5,1.5,0,0,0.112,Brick,661.0,8.4,42.8,1507.82,1
55,538635.0,23,4087,2,3.0,0,0,0.005,Wood,768.0,1.9,12.1,950.82,0
56,749218.0,34,4873,1,3.0,0,0,0.086,Concrete,731.0,7.2,38.0,1444.61,1
57,207520.0,43,933,5,4.0,0,0,0.118,Brick,738.0,4.6,45.4,1284.76,1
58,277389.0,44,3938,4,2.3,0,0,0.003,Brick,698.0,2.9,21.1,955.19,0
59,179398.0,33,4719,1,2.3,2,0,0.082,Wood,751.0,7.0,66.6,1588.7,1
60,361465.0,2,872,3,3.2,0,0,0.129,Brick,742.0,7.6,34.2,1193.73,0
61,402640.0,36,3778,2,3.2,0,0,0.071,Concrete,730.0,2.2,30.8,1163.32,0
62,326377.0,42,2785,3,2.6,0,0,0.001,Brick,667.0,9.2,26.2,1056.19,1
63,688679.0,39,1592,4,2.6,0,0,0.002,Concrete,678.0,7.6,23.6,1198.34,0
64,381890.0,25,894,1,2.7,0,0,0.062,Brick,753.0,9.4,31.8,1167.94,0
65,332607.0,22,1933,4,4.0,0,0,0.023,Brick,674.0,3.5,16.9,919.8,0
66,502752.0,43,1037,1,2.6,2,0,0.1,Concrete,636.0,9.4,76.6,1900.38,1
67,241601.0,38,3746,5,4.3,0,0,0.106,Wood,673.0,4.0,40.4,1226.8,0
68,671428.0,14,3330,2,2.8,0,0,0.027,Wood,778.0,1.0,12.0,1015.71,0
69,198458.0,48,2760,5,4.3,0,0,0.133,Wood,673.0,7.7,53.5,1401.73,0
70,791477.0,3,1848,5,3.9,0,0,0.066,Wood,716.0,7.2,21.6,1219.74,0
71,651959.0,28,3329,4,2.3,0,0,0.021,Brick,669.0,6.2,21.6,1149.98,0
72,279165.0,21,3764,2,4.0,0,0,0.115,Wood,738.0,5.2,36.6,1188.58,0
73,153589.0,24,1763,1,1.4,0,0,0.118,Brick,727.0,0.8,34.0,1086.79,0
74,680050.0,12,1336,1,4.2,0,0,0.096,Concrete,625.0,6.4,30.4,1296.03,0
75,609457.0,17,4479,3,3.2,0,0,0.128,Concrete,713.0,4.5,36.9,1358.23,1
76,623855.0,32,4987,1,1.2,0,0,0.111,Brick,616.0,5.8,40.8,1423.93,0
77,651326.0,15,4524,4,3.3,1,0,0.132,Brick,672.0,4.6,52.0,1605.66,1
78,198129.0,44,1342,5,4.4,0,0,0.065,Brick,699.0,9.7,40.3,1203.56,0
79,383003.0,41,1645,5,1.2,0,0,0.112,Brick,792.0,6.2,45.0,1366.5,0
80,225315.0,43,4403,5,2.9,0,0,0.15,Concrete,716.0,7.6,54.8,1434.66,0
81,711017.0,1,3836,2,3.6,0,0,0.109,Brick,662.0,9.4,31.6,1329.51,0
82,555144.0,34,3294,1,3.8,0,1,0.017,Brick,684.0,6.1,48.1,1499.07,0
83,365084.0,41,3519,4,2.4,0,0,0.078,Concrete,746.0,0.6,32.6,1171.54,0
84,191313.0,33,2684,2,1.7,1,0,0.088,Concrete,662.0,0.8,46.6,1294.66,1
85,352139.0,29,4938,3,1.1,0,1,0.026,Wood,755.0,7.2,49.0,1411.07,1
86,361369.0,12,4001,4,3.0,0,0,0.144,Wood,674.0,3.2,36.8,1232.68,0
87,624244.0,12,3510,4,2.6,0,0,0.026,Wood,654.0,6.0,16.0,1052.12,0
88,564412.0,17,2753,4,4.3,0,0,0.027,Concrete,675.0,2.4,14.6,1001.21,0
89,726688.0,31,4650,5,1.2,1,0,0.137,Wood,619.0,3.1,57.9,1731.84,1
90,456940.0,31,1489,4,3.4,0,0,0.07,Wood,591.0,5.3,31.7,1203.97,0
91,227736.0,34,2750,1,1.1,0,0,0.009,Brick,696.0,9.8,25.2,991.87,0
92,613609.0,38,1256,4,1.6,0,0,0.09,Brick,697.0,6.4,39.6,1400.8,0
93,644510.0,45,2930,5,2.6,0,0,0.09,Wood,713.0,9.4,45.4,1503.26,0
94,514830.0,28,4776,4,2.6,0,1,0.01,Concrete,696.0,9.6,47.8,1474.42,0
95,651129.0,48,1979,3,3.4,1,1,0.146,Concrete,816.0,2.5,90.9,2189.06,1
96,470967.0,28,4365,3,4.2,0,0,0.082,Concrete,708.0,3.5,31.1,1201.98,0
97,489776.0,43,1682,5,3.2,0,0,0.084,Wood,631.0,7.8,41.8,1371.89,0
98,427902.0,15,1199,1,4.3,0,0,0.078,Wood,644.0,8.7,30.3,1168.45,0
99,166522.0,43,1408,1,4.1,0,1,0.092,Concrete,700.0,5.4,66.0,1573.26,0
100,220129.0,46,2438,2,3.0,1,0,0.04,Wood,678.0,9.9,51.3,1379.56,1
101,170429.0,9,2948,5,3.9,0,0,0.043,Brick,639.0,0.6,12.8,777.21,0
102,563667.0,29,2182,4,3.2,0,0,0.077,Brick,697.0,3.3,30.3,1236.33,0
103,354331.0,24,2203,5,1.3,0,0,0.121,Concrete,698.0,6.4,40.2,1280.17,1
104,480571.0,38,1619,2,3.6,0,0,0.007,Brick,780.0,5.0,21.6,1064.29,0
105,739918.0,19,4092,5,1.3,0,0,0.091,Concrete,654.0,1.6,27.4,1280.96,0
106,312040.0,4,1619,5,3.1,0,0,0.121,Brick,679.0,4.0,29.8,1103.02,0
107,416749.0,0,1219,2,3.5,0,0,0.024,Wood,780.0,0.7,5.5,790.87,0
108,641108.0,29,4102,1,1.2,0,0,0.002,Wood,716.0,6.6,18.6,1099.55,0
109,298719.0,48,2308,4,1.8,0,0,0.047,Wood,654.0,9.0,37.6,1213.36,0
110,200037.0,2,1567,2,4.2,0,1,0.088,Brick,664.0,8.9,52.3,1384.52,0
111,338338.0,44,2844,3,3.2,0,1,0.021,Concrete,639.0,7.1,53.9,1477.67,0
112,254794.0,13,2939,1,1.9,0,1,0.064,Wood,704.0,4.9,47.9,1345.9,0
113,754303.0,29,3829,3,3.4,0,1,0.083,Brick,752.0,5.4,58.6,1756.15,0
114,675278.0,49,2349,1,3.1,0,0,0.09,Wood,782.0,1.8,39.4,1428.64,0
115,561712.0,3,2564,4,2.8,0,0,0.041,Brick,626.0,3.7,13.1,977.36,0
116,716449.0,17,3445,4,4.4,0,0,0.06,Brick,743.0,2.3,21.1,1174.72,0
117,672387.0,36,4516,5,3.4,0,1,0.117,Brick,708.0,8.3,71.1,1902.69,0
118,271271.0,24,3093,3,2.3,0,0,0.141,Concrete,687.0,9.2,47.0,1340.64,0
119,730163.0,47,3508,1,3.8,1,0,0.129,Wood,679.0,5.6,65.2,1843.08,1
120,500572.0,0,1700,4,4.1,0,0,0.085,Wood,604.0,7.4,24.4,1116.29,0
121,674836.0,45,3884,2,1.4,0,0,0.062,Brick,732.0,1.7,32.1,1318.92,0
122,732459.0,14,2809,4,1.7,0,0,0.05,Brick,634.0,6.3,21.9,1194.73,0
123,356702.0,8,1041,2,1.8,0,0,0.019,Concrete,663.0,7.2,14.2,891.35,0
124,221534.0,14,3185,1,3.4,0,0,0.016,Wood,721.0,4.8,13.6,814.77,0
125,298158.0,48,1471,4,3.1,1,0,0.103,Concrete,609.0,2.8,57.6,1513.08,1
126,427620.0,23,963,4,3.2,0,0,0.039,Brick,634.0,8.8,25.8,1100.81,0
127,681710.0,3,1264,1,4.3,0,0,0.038,Brick,761.0,7.6,16.4,1086.86,0
128,709475.0,11,3842,4,3.7,0,1,0.15,Concrete,706.0,9.0,68.4,1880.74,1
129,154519.0,36,3242,2,1.4,0,0,0.028,Wood,667.0,8.3,28.3,1001.76,0
130,481986.0,36,3155,4,2.2,1,0,0.022,Brick,706.0,9.9,43.7,1396.49,1
131,421317.0,42,3357,3,2.5,0,0,0.015,Brick,733.0,2.3,22.1,1042.16,1
132,294370.0,5,1345,5,2.4,1,0,0.087,Concrete,756.0,1.3,35.7,1182.68,1
133,227912.0,38,4635,2,3.3,0,0,0.094,Brick,644.0,3.7,37.7,1179.46,0
134,369450.0,45,1393,3,4.1,0,0,0.055,Wood,649.0,1.7,30.7,1145.22,0
135,762891.0,23,4604,1,2.1,0,0,0.08,Brick,730.0,5.5,30.7,1341.95,1
136,360082.0,10,2259,2,2.9,0,0,0.118,Brick,732.0,6.5,34.1,1191.54,0
137,487214.0,12,4293,5,3.8,0,0,0.123,Concrete,633.0,6.0,35.4,1274.61,1
138,606962.0,33,3401,5,2.5,1,0,0.144,Brick,651.0,3.0,60.0,1703.48,1
139,386359.0,24,3244,1,1.6,0,0,0.124,Wood,690.0,9.1,43.5,1345.68,0
140,781658.0,6,3472,1,2.7,0,0,0.085,Concrete,701.0,0.7,20.1,1192.33,0
141,775591.0,3,816,2,1.2,0,0,0.027,Brick,703.0,3.8,10.4,1043.8,1
142,313658.0,7,3991,4,4.3,0,1,0.015,Brick,632.0,7.3,38.1,1228.33,1
143,473212.0,19,1192,1,1.3,0,0,0.008,Wood,702.0,7.8,17.0,991.61,0
144,345571.0,28,1224,4,2.5,0,0,0.1,Brick,664.0,4.5,35.7,1208.29,0
145,335146.0,44,1371,3,2.9,1,0,0.121,Brick,642.0,0.7,57.5,1530.07,1
146,173977.0,45,4431,5,4.4,1,0,0.076,Brick,699.0,6.4,54.6,1405.99,1
147,546217.0,9,1920,4,1.6,0,0,0.008,Wood,694.0,1.1,6.3,867.61,1
148,476741.0,42,1041,5,1.4,0,0,0.08,Wood,740.0,1.5,34.3,1252.87,0
149,183461.0,33,4697,4,1.0,0,0,0.14,Wood,657.0,6.7,47.9,1310.23,1
150,331120.0,25,4895,3,1.5,0,0,0.09,Brick,712.0,3.5,31.5,1138.06,1
151,740373.0,40,3079,1,1.7,0,0,0.121,Wood,622.0,3.8,44.0,1530.19,0
152,305715.0,48,1588,3,3.2,0,0,0.12,Concrete,686.0,5.1,48.3,1377.36,0
153,244182.0,2,1514,1,1.8,0,0,0.14,Wood,723.0,9.8,38.6,1201.09,0
154,468144.0,5,3649,1,1.1,0,0,0.116,Wood,727.0,9.7,34.9,1257.57,0
155,790673.0,4,1575,5,3.9,1,1,0.112,Wood,728.0,4.5,68.5,1922.84,1
156,307336.0,4,4826,3,2.3,0,0,0.035,Concrete,740.0,3.0,11.6,827.67,0
157,586888.0,46,3047,4,2.2,0,0,0.009,Concrete,678.0,3.4,23.6,1147.44,0
158,645053.0,22,878,3,2.1,0,0,0.078,Brick,725.0,3.1,27.5,1235.03,0
159,304464.0,48,4726,5,4.4,1,0,0.019,Brick,793.0,5.6,43.6,1306.23,1
160,623341.0,8,1655,1,1.6,0,0,0.144,Brick,677.0,6.3,38.3,1386.17,0
161,389059.0,34,2948,5,4.1,0,0,0.043,Brick,769.0,5.1,27.3,1104.03,0
162,560999.0,19,1831,2,3.7,1,0,0.128,Brick,744.0,4.4,52.6,1569.5,1
163,561794.0,48,4071,2,1.3,1,0,0.058,Concrete,687.0,2.5,48.3,1505.4,1
164,498254.0,41,4376,4,4.5,0,1,0.048,Brick,691.0,5.1,56.1,1590.63,0
165,208688.0,34,4982,5,1.9,0,0,0.14,Wood,706.0,3.7,45.3,1283.84,0
166,692947.0,49,4256,4,1.3,1,0,0.054,Wood,741.0,5.6,51.0,1611.47,1
167,358507.0,17,4306,4,3.9,0,1,0.059,Brick,720.0,6.9,50.5,1436.75,0
168,271237.0,16,1207,2,3.5,0,0,0.016,Concrete,676.0,6.5,16.1,877.12,0
169,176504.0,23,3511,4,3.2,0,0,0.101,Concrete,596.0,4.9,34.3,1102.75,0
170,534080.0,2,3888,2,1.5,0,0,0.043,Brick,734.0,5.8,15.2,995.04,0
171,590417.0,31,2468,1,2.7,1,1,0.088,Brick,603.0,3.2,73.2,1893.21,1
172,160782.0,34,947,5,3.7,0,0,0.089,Brick,632.0,0.7,32.1,1061.89,0
173,482860.0,37,4697,4,2.1,0,0,0.108,Wood,680.0,6.4,42.8,1383.43,0
174,297222.0,12,2750,2,2.1,0,0,0.112,Brick,639.0,2.9,30.1,1100.11,1
175,569362.0,46,1165,3,1.0,0,0,0.077,Wood,716.0,6.9,40.7,1395.18,0
176,263338.0,24,2474,4,1.6,0,0,0.05,Concrete,685.0,7.6,27.2,1039.67,1
177,599110.0,8,3346,1,4.1,0,0,0.126,Brick,739.0,9.2,37.6,1363.56,0
178,401378.0,3,1362,1,2.5,0,0,0.046,Concrete,620.0,9.6,20.0,1000.69,0
179,758874.0,13,4362,3,4.4,0,0,0.076,Brick,667.0,0.6,21.0,1194.44,0
180,239389.0,36,3289,2,2.4,0,0,0.06,Concrete,700.0,9.9,36.3,1164.19,0
181,371693.0,33,1572,4,3.5,0,1,0.128,Brick,702.0,7.0,70.8,1747.85,0
182,223758.0,10,2837,2,2.0,2,1,0.065,Wood,735.0,6.6,78.6,1790.88,1
183,751051.0,40,4223,1,2.3,1,0,0.058,Brick,654.0,0.6,43.2,1523.53,1
184,720271.0,2,3367,2,1.7,1,0,0.103,Concrete,677.0,8.7,45.1,1536.64,1
185,317662.0,27,2373,1,2.2,0,0,0.09,Wood,725.0,1.9,30.7,1119.33,0
186,578990.0,28,4494,2,2.9,0,0,0.016,Brick,590.0,8.5,22.9,1132.99,0
187,681194.0,8,4091,3,4.5,0,0,0.076,Wood,719.0,0.6,19.0,1125.6,0
188,510881.0,2,2046,5,3.3,1,0,0.11,Brick,738.0,6.6,44.4,1421.44,1
189,494273.0,24,4519,3,1.7,0,1,0.149,Wood,633.0,4.6,69.0,1782.14,0
190,307204.0,33,4639,3,1.2,1,0,0.094,Concrete,684.0,2.4,49.4,1394.6,1
191,210517.0,11,1159,5,1.4,0,0,0.056,Brick,775.0,1.5,17.1,861.76,0
192,733190.0,41,3176,5,3.0,0,0,0.034,Brick,733.0,4.7,27.9,1285.1,0
193,735272.0,8,3809,4,3.7,0,0,0.131,Brick,722.0,1.7,31.1,1334.14,0
194,561516.0,14,3793,4,4.3,2,0,0.122,Wood,750.0,5.1,65.1,1757.26,1
195,370369.0,39,1762,3,1.1,0,0,0.035,Brick,790.0,6.4,29.0,1120.18,0
196,376986.0,24,4432,3,2.8,1,0,0.03,Brick,701.0,8.4,39.0,1273.49,1
197,621871.0,4,2627,1,2.6,1,1,0.107,Brick,680.0,6.9,69.9,1859.44,1
198,733122.0,10,2413,1,3.3,0,0,0.047,Brick,749.0,1.1,14.5,1084.06,0
199,726606.0,33,2440,4,3.0,0,1,0.046,Concrete,691.0,3.4,50.8,1625.3,0
200,656919.0,23,3016,4,3.4,0,0,0.023,Brick,654.0,3.2,17.0,1083.46,0
201,567321.0,14,1177,1,3.3,0,0,0.04,Wood,673.0,9.2,22.8,1125.66,1
202,204691.0,37,1169,1,1.4,0,0,0.064,Wood,716.0,8.7,36.3,1146.85,0
203,255059.0,7,2996,2,3.8,0,0,0.11,Wood,678.0,4.0,28.8,1059.53,1
204,734060.0,4,4547,2,1.4,0,0,0.05,Brick,681.0,1.2,12.8,1059.03,0
205,544179.0,47,1451,1,3.4,0,0,0.049,Wood,649.0,9.0,37.6,1336.09,0
206,155978.0,25,1569,2,2.5,0,0,0.043,Concrete,772.0,8.9,27.5,990.49,0
207,215957.0,17,3221,5,2.8,0,0,0.072,Brick,683.0,8.6,29.8,1054.98,0
208,581276.0,5,1580,4,4.2,0,0,0.027,Brick,664.0,8.5,15.9,1029.14,0
209,153290.0,36,2516,4,4.1,0,0,0.073,Brick,670.0,5.1,34.1,1088.14,0
210,254525.0,47,4783,1,3.9,2,0,0.106,Brick,740.0,2.2,72.2,1710.26,1
211,506677.0,12,2111,3,2.8,1,0,0.004,Brick,729.0,5.0,25.6,1137.34,1
212,599732.0,27,4159,1,3.6,1,0,0.001,Wood,675.0,5.2,31.2,1267.87,1
213,573775.0,4,1322,2,2.8,0,1,0.011,Brick,702.0,5.2,34.0,1296.89,1
214,295775.0,12,1321,3,4.0,0,0,0.08,Wood,714.0,5.6,26.4,1043.89,1
215,612916.0,16,3120,2,2.4,0,0,0.128,Wood,665.0,2.9,34.9,1329.96,0
216,304212.0,49,1735,5,4.4,0,0,0.001,Brick,623.0,4.0,23.8,1009.11,0
217,361510.0,39,3030,2,4.3,0,0,0.14,Wood,726.0,4.6,48.2,1403.76,0
218,635219.0,44,4840,5,3.6,2,0,0.016,Brick,668.0,1.7,52.5,1605.11,1
219,572261.0,31,4497,5,2.0,0,1,0.126,Concrete,722.0,4.8,67.4,1797.13,0
220,701995.0,28,3637,2,1.5,0,1,0.072,Brick,716.0,8.2,58.8,1733.0,0
221,577448.0,2,4883,2,4.0,1,0,0.099,Wood,703.0,8.4,44.0,1448.72,1
222,519401.0,39,3261,5,1.6,0,0,0.077,Concrete,679.0,4.4,35.4,1290.7,0
223,210889.0,33,4043,3,4.0,0,0,0.072,Brick,668.0,5.4,33.0,1100.44,0
224,389015.0,39,4159,5,2.7,0,0,0.125,Brick,643.0,0.8,41.4,1315.51,0
225,322382.0,26,1485,4,2.4,0,0,0.113,Wood,669.0,6.9,39.9,1259.69,1
226,308593.0,12,2960,5,4.2,0,0,0.073,Brick,728.0,4.3,23.7,1009.8,0
227,782457.0,44,4788,3,3.1,2,0,0.017,Concrete,770.0,4.7,55.7,1726.73,1
228,405514.0,32,4866,4,3.0,1,0,0.017,Concrete,763.0,8.8,40.0,1302.76,1
229,729830.0,5,2367,1,3.0,0,0,0.12,Brick,707.0,4.9,30.9,1328.42,0
230,560240.0,23,838,1,2.3,0,0,0.079,Brick,770.0,0.7,25.7,1165.62,0
231,666627.0,18,3344,3,3.7,1,1,0.072,Brick,685.0,2.7,64.3,1797.81,1
232,476714.0,15,2056,5,1.9,0,0,0.102,Brick,635.0,5.0,31.4,1209.36,1
233,524988.0,39,3790,2,4.3,0,1,0.129,Wood,796.0,4.5,70.9,1825.99,0
234,470137.0,27,2996,3,4.1,0,0,0.094,Wood,727.0,8.7,38.3,1309.57,0
235,276908.0,32,4268,4,2.2,0,0,0.114,Brick,623.0,5.7,41.3,1257.95,0
236,619594.0,47,3508,4,3.6,0,1,0.115,Brick,778.0,7.1,73.9,1918.3,0
237,332502.0,40,1101,1,3.0,0,0,0.053,Brick,663.0,5.0,31.6,1140.25,1
238,165805.0,12,1446,4,2.2,0,0,0.041,Brick,674.0,4.7,17.7,848.4,0
239,569557.0,42,2559,3,4.5,1,0,0.12,Concrete,751.0,4.7,60.5,1692.28,1
240,265122.0,44,1397,4,1.1,0,0,0.057,Brick,768.0,4.4,33.4,1133.56,0
241,761298.0,24,1461,3,1.9,0,0,0.136,Concrete,650.0,5.6,42.4,1516.65,0
242,770054.0,41,2168,2,2.8,1,1,0.01,Wood,774.0,2.9,61.3,1804.53,1
243,744662.0,35,3381,1,2.8,1,1,0.009,Wood,744.0,9.0,64.8,1844.33,1
244,390603.0,26,4668,4,3.1,2,1,0.139,Brick,660.0,3.7,96.9,2148.8,1
245,160047.0,37,4337,3,3.6,0,0,0.097,Wood,688.0,1.9,36.1,1121.52,0
246,753407.0,6,1082,5,3.2,0,0,0.057,Wood,776.0,1.4,15.2,1104.7,0
247,428320.0,4,4478,1,3.1,0,0,0.113,Wood,622.0,0.6,24.8,1086.16,0
248,778326.0,42,2286,2,1.2,0,1,0.101,Brick,769.0,4.5,66.5,1886.66,0
249,776353.0,44,4882,3,2.3,0,0,0.08,Brick,742.0,2.3,35.9,1426.68,0
250,704456.0,30,4983,2,1.8,0,0,0.015,Wood,725.0,0.7,15.7,1087.73,1
251,341392.0,22,1260,2,1.9,0,0,0.122,Brick,707.0,5.4,38.6,1249.7,0
252,400314.0,41,3125,4,2.9,0,0,0.13,Brick,799.0,7.0,49.4,1441.16,0
253,703239.0,9,4554,4,1.7,0,0,0.026,Concrete,806.0,1.3,10.1,1003.12,1
254,355999.0,31,3268,3,2.0,0,1,0.128,Brick,669.0,4.9,67.9,1696.5,0
255,260170.0,42,2524,5,1.8,0,1,0.132,Brick,731.0,7.6,75.8,1767.08,1
256,511921.0,29,2176,3,4.3,0,0,0.082,Brick,794.0,9.9,37.9,1324.46,0
257,758501.0,38,3543,5,4.3,0,0,0.098,Wood,661.0,6.8,41.6,1503.25,1
258,602419.0,30,1314,2,3.1,1,1,0.057,Brick,712.0,2.8,66.2,1794.21,1
259,520540.0,17,1502,1,4.2,0,0,0.042,Wood,750.0,7.3,22.5,1097.77,1
260,213165.0,35,2453,3,3.8,0,0,0.108,Brick,599.0,6.2,41.8,1233.58,0
261,549755.0,1,2866,3,3.1,1,0,0.129,Brick,741.0,2.5,43.7,1430.38,1
262,793535.0,13,822,5,1.0,1,0,0.098,Wood,646.0,8.6,48.4,1622.77,1
263,241055.0,12,3260,2,3.7,0,0,0.077,Brick,710.0,4.6,24.8,992.53,0
264,486914.0,28,2104,2,3.5,0,0,0.024,Concrete,757.0,9.6,25.6,1127.46,0
265,720292.0,11,4100,5,3.2,0,0,0.008,Brick,581.0,7.4,13.4,1061.15,0
266,631500.0,38,1161,2,3.7,1,0,0.067,Brick,739.0,6.6,50.2,1568.75,1
267,603060.0,1,4527,4,2.8,1,1,0.007,Brick,802.0,7.4,49.2,1539.53,1
268,606615.0,31,2084,1,3.5,1,0,0.085,Brick,673.0,5.0,49.4,1544.31,1
269,383669.0,12,1314,3,4.3,0,0,0.057,Concrete,729.0,5.3,21.5,1014.33,0
270,340835.0,45,1248,1,2.3,0,0,0.114,Concrete,767.0,8.6,49.4,1411.42,0
271,676085.0,26,2655,3,3.5,0,0,0.046,Brick,620.0,7.0,26.6,1237.04,1
272,676574.0,48,4362,4,2.7,0,0,0.089,Wood,738.0,9.0,46.0,1528.29,0
273,713597.0,40,3320,2,3.4,1,1,0.081,Wood,751.0,9.0,81.2,2074.8,1
274,743606.0,16,3881,5,3.7,0,0,0.001,Brick,732.0,9.8,16.4,1117.8,0
275,482373.0,39,2228,4,1.2,0,0,0.011,Brick,704.0,7.2,25.0,1116.19,0
276,475986.0,30,4767,1,3.3,0,0,0.044,Concrete,650.0,5.3,26.1,1129.49,0
277,668892.0,33,1722,5,1.8,1,0,0.132,Concrete,770.0,2.1,56.7,1684.95,1
278,572477.0,23,3937,2,3.3,0,0,0.022,Concrete,702.0,7.2,20.8,1098.24,1
279,606278.0,44,2959,4,2.6,1,1,0.107,Wood,655.0,3.3,82.3,2037.64,1
280,667265.0,34,3347,5,3.7,0,1,0.146,Wood,684.0,3.2,71.0,1898.63,0
281,728503.0,47,3779,4,1.4,0,0,0.119,Brick,718.0,2.8,45.4,1545.25,0
282,369697.0,5,3081,4,3.2,0,1,0.036,Brick,622.0,8.8,43.0,1329.85,0
283,394129.0,18,3449,2,2.0,0,0,0.136,Brick,701.0,8.7,43.1,1343.56,0
284,211088.0,29,1113,3,4.0,0,0,0.014,Wood,679.0,6.5,20.9,919.04,0
285,525882.0,6,3413,5,4.2,1,0,0.07,Wood,767.0,5.0,36.4,1308.94,1
286,173362.0,9,3883,2,4.5,0,0,0.133,Concrete,606.0,6.9,37.1,1143.18,0
287,452639.0,40,3056,4,3.8,1,0,0.096,Concrete,747.0,6.3,56.5,1573.82,1
288,502719.0,31,1837,2,3.6,0,1,0.062,Concrete,771.0,4.4,54.2,1564.36,0
289,336252.0,33,4289,3,1.8,0,0,0.044,Concrete,608.0,4.1,26.1,1059.63,1
290,534042.0,27,3434,5,2.2,1,0,0.056,Brick,614.0,4.1,41.1,1383.52,1
291,169825.0,14,4783,3,2.6,0,0,0.076,Wood,789.0,6.1,26.9,988.41,0
292,174276.0,29,2578,1,3.7,0,0,0.048,Wood,655.0,6.7,27.9,1005.64,0
293,684690.0,36,4695,5,4.2,0,0,0.145,Brick,850.0,4.8,48.2,1565.34,0
294,384124.0,28,1924,3,1.7,0,0,0.14,Concrete,610.0,9.7,48.9,1425.56,0
295,232589.0,21,1497,4,4.2,0,0,0.131,Concrete,709.0,1.3,35.9,1154.79,0
296,489458.0,3,2979,5,3.4,1,0,0.063,Brick,699.0,3.8,32.6,1233.73,1
297,650496.0,19,2204,5,3.1,1,0,0.104,Brick,690.0,4.5,47.9,1543.75,1
298,290284.0,31,1843,2,1.7,0,0,0.135,Wood,723.0,0.7,40.1,1246.64,1
299,554879.0,35,2729,4,1.2,0,0,0.128,Wood,726.0,4.0,43.6,1431.44,0
300,205476.0,49,1813,1,3.0,0,0,0.062,Concrete,692.0,3.1,35.1,1129.24,0
301,183593.0,3,1026,3,3.3,1,0,0.017,Brick,649.0,5.3,24.9,965.3,1
302,495381.0,26,2628,2,1.7,0,0,0.011,Brick,752.0,3.7,16.3,992.19,0
303,501413.0,16,2823,3,2.9,0,0,0.087,Brick,731.0,7.4,31.2,1218.71,0
304,564329.0,11,3252,1,4.0,1,1,0.096,Brick,706.0,5.3,68.9,1815.66,1
305,621959.0,21,2885,1,3.9,0,0,0.127,Brick,730.0,1.7,35.5,1343.48,0
306,784304.0,16,1880,5,4.2,1,1,0.044,Concrete,738.0,7.6,62.8,1834.15,1
307,485595.0,9,3120,1,2.3,0,0,0.025,Brick,662.0,1.4,10.0,892.8,0
308,359922.0,0,3990,3,2.1,1,0,0.057,Brick,728.0,8.5,34.9,1203.46,1
309,666871.0,21,3430,4,3.6,1,0,0.053,Brick,672.0,9.3,43.3,1482.94,1
310,326041.0,25,3363,4,2.5,0,1,0.02,Brick,740.0,3.6,42.6,1302.02,0
311,435331.0,17,4092,5,1.3,1,0,0.101,Concrete,690.0,9.3,51.3,1487.17,1
312,200997.0,49,4386,3,2.0,2,0,0.076,Wood,731.0,8.0,72.8,1692.5,1
313,166478.0,13,3747,3,2.5,0,1,0.108,Wood,678.0,9.3,61.1,1499.74,0
314,775721.0,46,4759,1,2.0,0,0,0.053,Brick,733.0,6.8,35.8,1424.86,0
315,693387.0,28,3613,3,2.2,0,0,0.049,Brick,651.0,2.7,23.7,1202.19,0
316,602383.0,11,3383,2,2.0,0,0,0.071,Brick,702.0,9.0,27.6,1215.19,0
317,415819.0,35,961,1,1.1,0,0,0.132,Brick,749.0,2.3,42.7,1348.41,1
318,262641.0,34,1393,2,3.2,0,0,0.006,Concrete,723.0,2.5,17.3,890.82,0
319,251684.0,11,4059,5,3.1,0,0,0.121,Brick,710.0,3.1,31.7,1101.34,1
320,312658.0,6,4955,4,3.3,2,0,0.055,Wood,790.0,3.4,46.8,1358.33,1
321,506997.0,28,3762,5,1.7,0,0,0.128,Brick,751.0,5.4,42.2,1386.5,0
322,614487.0,10,4688,4,2.0,1,1,0.12,Wood,743.0,7.3,75.3,1936.74,1
323,579128.0,32,4190,5,3.2,0,1,0.052,Concrete,733.0,9.3,57.5,1652.06,0
324,331957.0,5,1463,3,3.1,1,0,0.104,Wood,739.0,1.3,39.1,1252.48,1
325,770662.0,46,1932,2,2.8,0,0,0.024,Wood,783.0,9.6,32.8,1377.33,1
326,629633.0,14,1341,4,2.2,2,0,0.134,Concrete,679.0,9.3,71.7,1890.32,1
327,510330.0,31,3774,1,4.2,0,0,0.061,Wood,750.0,1.0,25.6,1139.16,0
328,547618.0,10,1667,2,2.2,0,0,0.068,Brick,718.0,3.9,21.5,1096.31,0
329,422740.0,22,2866,1,2.6,0,0,0.106,Brick,681.0,8.2,38.2,1284.37,0
330,311025.0,25,1231,2,3.4,1,0,0.123,Wood,695.0,6.3,55.9,1494.01,1
331,381382.0,33,2006,2,2.9,1,0,0.035,Wood,711.0,7.9,43.1,1337.19,1
332,642600.0,45,3328,5,2.2,0,0,0.099,Brick,657.0,7.3,45.1,1497.8,1
333,159356.0,33,1969,4,2.5,0,1,0.059,Brick,743.0,5.2,55.2,1407.68,0
334,225447.0,28,1630,4,3.8,0,0,0.055,Concrete,695.0,0.9,23.1,959.22,0
335,179902.0,3,2451,2,2.0,0,0,0.104,Brick,704.0,6.1,28.1,1011.45,1
336,176474.0,16,1936,3,1.5,0,0,0.058,Brick,768.0,1.0,19.0,873.24,0
337,706049.0,34,3610,3,2.1,0,0,0.052,Brick,706.0,6.2,30.2,1306.02,0
338,607378.0,12,1275,1,4.0,0,0,0.125,Concrete,778.0,8.1,37.9,1372.19,0
339,458213.0,40,3610,1,1.3,0,0,0.015,Brick,674.0,6.1,25.1,1105.61,0
340,213592.0,38,2126,5,4.5,1,0,0.101,Wood,645.0,10.0,60.4,1512.8,1
341,469550.0,14,1819,2,2.9,0,0,0.037,Brick,686.0,4.8,17.8,1001.78,0
342,457757.0,28,2636,1,4.4,2,0,0.002,Wood,559.0,7.6,49.2,1466.88,1
343,262581.0,28,3248,1,4.3,0,0,0.025,Concrete,745.0,6.8,23.0,976.29,0
344,432004.0,10,2083,2,2.6,2,1,0.091,Brick,648.0,9.9,87.1,2022.5,1
345,409028.0,31,1459,5,1.7,0,0,0.106,Wood,669.0,7.3,40.9,1318.01,0
346,550303.0,1,2810,1,1.6,0,0,0.003,Brick,736.0,2.1,3.1,821.65,1
347,562811.0,46,1198,5,1.8,0,1,0.005,Brick,706.0,9.6,54.0,1591.41,0
348,179448.0,13,2533,4,3.5,0,0,0.135,Concrete,678.0,6.8,39.0,1174.72,0
349,393498.0,19,2925,5,2.0,0,0,0.011,Brick,598.0,1.1,10.9,860.25,0
350,556809.0,21,2971,3,2.2,1,0,0.134,Wood,765.0,6.7,56.9,1631.9,1
351,477039.0,10,874,3,2.6,0,0,0.034,Brick,736.0,8.9,19.7,1034.02,0
352,706718.0,26,4271,5,4.2,0,0,0.111,Brick,803.0,6.0,38.6,1432.36,0
353,578151.0,2,1636,3,1.7,0,0,0.046,Brick,670.0,3.9,13.9,997.58,0
354,255907.0,16,1299,4,1.0,0,1,0.129,Wood,627.0,8.3,65.5,1610.45,0
355,195870.0,43,937,2,1.2,1,1,0.105,Brick,750.0,7.9,86.1,1889.44,1
356,567573.0,27,2897,3,4.2,0,0,0.06,Wood,691.0,5.7,28.5,1211.29,0
357,167232.0,28,4496,3,3.3,1,0,0.011,Brick,731.0,2.0,30.4,1039.62,1
358,530754.0,20,2685,5,2.0,0,0,0.11,Brick,781.0,2.9,32.9,1258.88,1
359,761150.0,46,3557,4,1.6,1,0,0.093,Wood,719.0,7.5,59.5,1773.08,1
360,524058.0,15,4720,2,2.0,0,0,0.0,Concrete,708.0,8.2,14.2,975.03,0
361,402310.0,36,2700,5,1.4,1,0,0.001,Brick,712.0,3.2,32.8,1193.16,1
362,568137.0,19,3410,5,4.3,0,1,0.121,Wood,618.0,4.0,60.8,1696.07,0
363,447864.0,5,4786,4,3.7,0,1,0.039,Brick,755.0,1.2,36.0,1263.93,0
364,504651.0,18,2249,2,2.6,1,0,0.095,Wood,759.0,7.3,48.5,1479.83,1
365,761952.0,4,1346,4,4.0,0,0,0.068,Concrete,727.0,0.5,15.7,1116.48,0
366,400967.0,2,2803,2,1.9,0,0,0.13,Concrete,624.0,0.9,27.7,1115.98,0
367,774774.0,0,2896,4,3.5,0,0,0.138,Wood,694.0,0.5,28.1,1308.89,1
368,738478.0,37,1503,5,4.0,1,0,0.15,Brick,772.0,6.6,66.4,1865.24,1
369,277264.0,14,3203,5,2.2,0,0,0.023,Concrete,672.0,4.5,14.7,859.13,0
370,195085.0,33,2425,1,3.7,0,0,0.129,Wood,759.0,3.3,42.3,1232.04,1
371,215506.0,34,4131,3,2.0,0,0,0.04,Brick,703.0,9.2,30.8,1069.75,0
372,161844.0,48,3778,4,2.0,1,0,0.089,Brick,736.0,2.3,54.3,1395.42,1
373,211388.0,24,3639,1,1.4,0,0,0.076,Concrete,679.0,4.2,29.0,1040.69,0
374,593954.0,23,4184,3,2.5,2,0,0.003,Concrete,704.0,9.4,49.2,1534.98,1
375,196273.0,11,3459,4,3.6,0,0,0.14,Brick,722.0,4.6,37.0,1153.14,0
376,357334.0,17,2661,2,4.3,1,0,0.012,Wood,646.0,5.8,30.0,1128.67,1
377,699169.0,14,3656,3,3.1,1,1,0.103,Concrete,714.0,1.3,67.5,1862.08,1
378,165127.0,43,1485,5,4.0,0,0,0.118,Brick,566.0,8.0,48.8,1314.56,1
379,679405.0,15,2419,1,3.9,0,0,0.119,Brick,670.0,4.5,34.3,1354.2,0
380,333206.0,26,2231,3,1.6,0,0,0.02,Wood,727.0,8.1,22.5,1004.1,1
381,226807.0,7,1675,3,2.7,1,0,0.067,Brick,756.0,2.9,34.1,1124.9,1
382,602879.0,45,3261,5,1.4,0,0,0.124,Brick,724.0,4.5,47.3,1510.94,0
383,558813.0,24,2165,4,3.4,1,0,0.045,Wood,630.0,8.0,41.6,1403.41,1
384,720357.0,16,2043,2,4.3,0,0,0.07,Concrete,752.0,9.8,30.2,1313.18,1
385,627796.0,28,962,5,1.5,1,0,0.041,Wood,643.0,1.1,35.5,1346.4,1
386,672263.0,7,2774,2,3.6,0,0,0.07,Wood,731.0,8.2,25.0,1211.13,0
387,333322.0,14,4091,4,3.2,0,0,0.133,Brick,645.0,3.4,35.6,1200.66,0
388,265336.0,26,1069,3,3.0,0,0,0.068,Brick,661.0,5.7,29.7,1078.17,0
389,637900.0,45,1431,2,2.4,0,0,0.083,Wood,652.0,3.3,37.9,1387.45,0
390,674443.0,49,1705,1,2.2,0,0,0.061,Brick,707.0,6.3,38.1,1408.72,0
391,793828.0,6,4271,1,1.2,0,0,0.069,Concrete,690.0,3.9,20.1,1198.41,0
392,418201.0,2,4053,5,1.8,0,0,0.002,Brick,725.0,3.7,4.9,782.6,0
393,391812.0,28,2814,4,1.1,0,1,0.043,Brick,699.0,0.9,45.7,1381.41,0
394,654668.0,43,2441,5,3.0,0,0,0.065,Brick,624.0,1.9,32.1,1308.83,0
395,371522.0,23,1004,5,1.4,0,1,0.095,Concrete,714.0,9.2,62.4,1621.76,0
396,754992.0,2,1381,5,4.1,1,1,0.068,Brick,612.0,10.0,64.4,1843.5,1
397,707968.0,19,1640,1,2.8,0,0,0.051,Brick,656.0,7.9,25.7,1239.48,0
398,428846.0,45,2519,1,3.4,0,0,0.058,Brick,682.0,3.2,32.8,1206.42,0
399,638066.0,14,3443,5,2.4,0,0,0.036,Concrete,678.0,4.3,17.1,1075.53,0
400,640453.0,24,3097,1,3.0,0,1,0.139,Brick,618.0,7.5,69.9,1868.73,0
401,217031.0,29,1674,4,4.3,0,0,0.078,Brick,769.0,9.7,36.9,1162.02,0
402,736659.0,13,1489,5,1.3,0,0,0.002,Brick,782.0,4.8,10.4,1024.33,0
403,478414.0,6,4800,1,1.9,0,0,0.003,Wood,813.0,8.4,11.4,910.21,0
404,687197.0,16,3941,2,3.7,1,0,0.146,Brick,757.0,9.8,60.4,1749.6,1
405,358032.0,43,2222,5,1.3,0,0,0.033,Brick,680.0,8.8,32.6,1168.02,1
406,732090.0,19,1471,5,1.3,1,0,0.121,Brick,679.0,2.7,49.5,1608.54,1
407,402981.0,35,1971,4,2.3,0,0,0.009,Wood,677.0,0.6,16.4,947.49,1
408,157044.0,8,4526,3,1.3,0,1,0.138,Wood,799.0,5.2,61.0,1493.52,0
409,738498.0,37,1743,3,3.0,0,0,0.131,Wood,694.0,5.5,46.5,1566.75,0
410,209336.0,47,2249,4,1.8,0,0,0.086,Concrete,763.0,2.4,38.4,1180.67,1
411,357554.0,21,4537,4,4.1,0,0,0.001,Concrete,760.0,3.2,11.8,855.78,0
412,767540.0,1,3339,4,3.7,0,0,0.039,Brick,709.0,7.8,16.0,1123.77,0
413,767895.0,23,4759,3,3.4,0,0,0.061,Wood,627.0,5.0,26.4,1279.95,0
414,522735.0,7,3161,4,3.2,0,0,0.069,Wood,695.0,3.5,20.1,1062.87,0
415,560694.0,10,4452,1,4.0,1,0,0.045,Concrete,707.0,6.4,34.4,1296.35,1
416,441490.0,12,4470,5,1.8,0,0,0.005,Brick,764.0,6.7,12.5,908.24,1
417,340587.0,16,2553,5,4.1,0,0,0.089,Wood,701.0,7.8,32.0,1150.29,0
418,363632.0,7,3152,2,3.8,0,0,0.079,Brick,640.0,2.0,20.6,990.82,0
419,587137.0,20,2738,2,3.6,1,0,0.042,Concrete,749.0,7.5,38.9,1377.07,1
420,639043.0,17,1170,5,3.0,0,0,0.006,Brick,689.0,6.2,14.2,1032.52,0
421,664526.0,29,2731,1,1.9,0,0,0.149,Brick,573.0,1.0,42.4,1468.26,0
422,663252.0,17,1224,3,2.5,0,0,0.072,Brick,716.0,7.9,29.1,1268.13,0
423,209284.0,45,1694,3,3.8,0,0,0.113,Brick,725.0,4.1,44.7,1275.14,0
424,471373.0,46,1397,1,1.1,0,0,0.068,Wood,658.0,3.6,35.6,1269.69,0
425,187413.0,30,3862,3,3.7,0,1,0.006,Brick,690.0,4.8,43.0,1238.71,0
426,507194.0,37,3136,4,1.8,0,1,0.046,Brick,733.0,3.8,52.8,1545.6,0
427,436995.0,31,2487,5,1.5,0,0,0.048,Concrete,717.0,3.7,25.7,1104.0,0
428,727008.0,10,1372,5,1.4,1,0,0.126,Brick,622.0,8.2,52.4,1649.5,1
429,378095.0,44,2890,1,1.1,0,0,0.098,Wood,763.0,1.7,38.9,1272.55,0
430,226094.0,24,4469,3,2.8,0,0,0.041,Brick,785.0,9.7,27.5,1025.55,1
431,242945.0,32,2433,2,1.8,0,0,0.145,Brick,674.0,5.8,47.6,1335.47,0
432,644982.0,37,2317,2,4.5,0,0,0.048,Concrete,605.0,2.2,26.6,1221.49,0
433,551842.0,40,3457,3,3.0,1,0,0.15,Wood,739.0,1.7,62.7,1716.42,1
434,215730.0,7,4448,2,1.5,1,0,0.149,Brick,666.0,6.1,53.7,1413.36,1
435,204669.0,10,4388,1,3.4,0,0,0.029,Concrete,727.0,6.5,16.3,846.83,1
436,605630.0,21,2337,1,4.1,0,0,0.047,Concrete,810.0,1.0,18.8,1084.82,0
437,197296.0,23,3937,3,3.6,0,0,0.073,Concrete,623.0,2.8,26.6,997.65,0
438,684209.0,40,897,2,1.3,0,0,0.1,Brick,660.0,8.1,44.1,1503.6,1
439,609057.0,16,4015,1,4.1,1,0,0.079,Brick,690.0,1.0,38.2,1377.53,1
440,202877.0,11,4550,1,3.8,2,0,0.145,Wood,765.0,8.6,72.0,1681.44,1
441,205145.0,45,3957,4,1.6,0,0,0.109,Wood,850.0,6.8,46.6,1301.57,0
442,791316.0,31,1143,4,1.2,0,0,0.032,Brick,712.0,4.6,23.4,1246.66,0
443,393276.0,14,1410,1,3.0,0,0,0.016,Wood,618.0,3.8,12.6,885.64,0
444,390917.0,15,2527,3,1.5,1,0,0.103,Brick,683.0,0.7,42.3,1329.96,1
445,678320.0,21,3090,5,3.9,0,0,0.024,Brick,661.0,8.3,21.5,1161.66,1
446,765712.0,27,2654,5,2.3,0,1,0.118,Brick,736.0,1.9,61.3,1802.36,0
447,790901.0,19,3408,1,4.2,0,0,0.047,Wood,719.0,3.4,20.4,1201.45,0
448,639696.0,32,2879,1,3.0,0,0,0.049,Brick,648.0,5.9,28.5,1247.35,1
449,394569.0,9,3124,1,1.6,0,0,0.002,Concrete,658.0,2.8,6.8,799.28,0
450,204275.0,39,1977,3,1.5,0,0,0.105,Wood,682.0,5.2,41.8,1229.14,1
451,655145.0,31,1891,4,3.0,0,0,0.017,Wood,688.0,8.2,24.0,1187.57,0
452,512963.0,49,3591,1,3.7,0,0,0.116,Concrete,698.0,5.0,47.8,1473.48,0
453,425744.0,32,2549,1,3.7,0,0,0.074,Wood,702.0,9.5,37.1,1269.37,1
454,739130.0,1,3475,2,2.0,0,0,0.118,Concrete,762.0,8.6,32.6,1358.56,0
455,222278.0,32,1581,3,1.7,0,0,0.088,Brick,680.0,3.7,34.1,1122.64,0
456,470206.0,32,3848,1,1.1,0,1,0.012,Brick,673.0,4.3,44.5,1402.6,0
457,157380.0,40,2905,2,3.4,0,0,0.115,Brick,633.0,4.5,43.5,1231.19,1
458,454629.0,12,4667,5,1.3,0,0,0.01,Brick,689.0,6.4,13.2,925.31,0
459,186597.0,29,2913,1,2.5,0,0,0.072,Concrete,713.0,3.2,29.2,1031.3,1
460,227232.0,32,4770,1,3.1,0,0,0.026,Brick,614.0,9.7,27.7,1029.12,0
461,226392.0,12,2791,2,4.3,0,0,0.113,Wood,683.0,6.3,33.7,1118.7,1
462,571987.0,25,1867,3,2.1,0,0,0.137,Wood,758.0,4.3,41.7,1411.49,0
463,634929.0,21,2377,1,1.9,1,1,0.083,Wood,732.0,6.6,71.6,1891.46,1
464,529190.0,38,1811,5,3.3,1,0,0.079,Brick,719.0,4.3,50.3,1519.1,1
465,775412.0,1,3074,1,3.2,0,0,0.115,Wood,731.0,8.3,31.7,1363.21,1
466,393666.0,37,2614,5,2.2,0,0,0.001,Brick,671.0,5.9,20.9,1010.33,0
467,335713.0,38,3226,4,4.2,0,0,0.138,Brick,665.0,0.9,43.7,1323.36,0
468,714589.0,25,3351,4,4.0,0,0,0.03,Wood,764.0,2.2,18.2,1130.29,0
469,295337.0,45,4457,5,1.8,0,0,0.148,Wood,741.0,8.7,56.3,1492.17,0
470,776095.0,49,807,3,1.8,0,0,0.11,Brick,663.0,5.8,47.4,1599.05,0
471,157900.0,14,3355,1,2.8,0,0,0.116,Concrete,606.0,9.5,38.3,1153.45,1
472,780421.0,33,1275,1,3.7,0,0,0.098,Brick,664.0,1.2,34.0,1400.21,0
473,178054.0,41,3011,4,1.2,0,1,0.071,Brick,727.0,3.3,58.9,1472.53,0
474,729243.0,43,1284,5,3.4,0,0,0.086,Brick,667.0,2.3,36.7,1415.12,0
475,493006.0,48,3085,1,3.3,0,0,0.007,Wood,717.0,5.8,26.4,1142.5,0
476,795427.0,39,4325,1,1.8,0,0,0.094,Wood,771.0,4.1,38.5,1475.21,0
477,197968.0,10,4139,3,3.4,2,0,0.094,Brick,695.0,2.0,54.8,1420.98,1
478,510005.0,2,3622,2,4.3,0,0,0.134,Brick,712.0,6.6,34.2,1268.0,0
479,780047.0,5,3724,4,1.2,1,0,0.076,Wood,734.0,5.6,37.8,1457.02,1
480,490014.0,8,1058,4,2.1,0,1,0.012,Brick,646.0,3.1,33.7,1250.51,1
481,559109.0,5,1082,2,2.5,1,0,0.046,Brick,661.0,5.1,31.3,1249.05,1
482,602237.0,8,2698,1,4.1,0,0,0.098,Wood,736.0,7.6,30.4,1257.12,0
483,445452.0,38,4935,3,4.4,0,0,0.036,Brick,702.0,2.5,24.9,1096.23,0
484,557913.0,30,3776,3,2.6,0,0,0.042,Concrete,706.0,3.3,23.7,1134.46,0
485,529804.0,31,3067,4,3.6,1,0,0.123,Brick,702.0,3.8,55.8,1601.9,1
486,735753.0,40,4000,3,2.9,0,0,0.088,Wood,749.0,7.6,41.2,1485.88,0
487,179540.0,49,1412,2,2.9,0,0,0.076,Brick,722.0,8.5,43.3,1239.27,0
488,332626.0,11,1487,1,2.0,0,0,0.048,Concrete,722.0,4.1,18.1,937.81,0
489,767767.0,7,4490,2,1.8,0,1,0.11,Brick,761.0,3.3,53.1,1680.38,0
490,728671.0,7,1412,5,2.0,0,0,0.043,Wood,780.0,8.9,20.3,1168.84,0
491,446177.0,49,3107,4,2.9,1,0,0.111,Wood,812.0,10.0,66.8,1725.09,1
492,553086.0,27,3813,3,1.1,0,1,0.011,Brick,671.0,6.9,44.9,1450.04,0
493,330298.0,19,2581,5,4.2,0,0,0.13,Brick,823.0,9.9,43.5,1317.65,0
494,272279.0,46,3391,3,1.5,0,0,0.075,Wood,645.0,6.8,40.2,1239.14,0
495,451404.0,6,3496,1,1.8,1,1,0.066,Concrete,797.0,7.5,63.1,1672.2,1
496,379679.0,10,4758,1,2.8,1,0,0.092,Brick,668.0,4.2,41.6,1313.84,1
497,529376.0,19,1374,1,3.5,0,0,0.094,Brick,697.0,4.6,31.0,1229.69,0
498,200528.0,15,2710,3,1.3,0,0,0.02,Concrete,701.0,1.9,11.9,778.76,0
499,783357.0,3,4404,5,2.1,0,0,0.113,Brick,657.0,8.3,32.1,1373.18,1
500,791037.0,5,1469,1,4.4,1,0,0.041,Concrete,704.0,9.3,34.5,1413.02,1
501,603805.0,21,2083,5,1.9,0,0,0.136,Wood,659.0,6.4,42.0,1431.9,1
502,498463.0,25,1723,3,2.1,1,0,0.123,Wood,638.0,3.8,53.4,1550.23,1
503,351193.0,2,1925,5,3.9,0,0,0.052,Brick,698.0,2.0,13.2,873.6,0
504,678967.0,40,2329,3,1.2,0,0,0.121,Brick,779.0,3.0,43.2,1487.48,0
505,595075.0,41,2394,3,2.6,0,0,0.053,Wood,687.0,2.9,29.9,1246.04,0
506,255701.0,13,1046,4,2.3,0,1,0.015,Concrete,747.0,6.3,39.5,1220.35,0
507,742103.0,10,4511,3,2.1,0,0,0.144,Concrete,658.0,9.5,42.3,1505.55,0
508,684649.0,17,2360,3,2.0,0,1,0.098,Brick,636.0,1.0,52.4,1628.32,0
509,767370.0,11,3200,2,1.3,1,0,0.068,Brick,723.0,0.5,33.5,1386.18,1
510,621718.0,22,3043,1,2.1,1,0,0.06,Brick,788.0,6.2,42.0,1440.86,1
511,548720.0,11,4664,4,1.2,0,0,0.049,Concrete,710.0,3.2,17.4,1035.36,0
512,421858.0,12,2739,4,3.7,0,0,0.147,Brick,741.0,8.9,43.1,1357.43,0
513,756274.0,24,3869,4,2.4,0,0,0.02,Brick,775.0,3.6,17.2,1136.14,0
514,712942.0,44,1026,2,2.6,0,0,0.047,Brick,698.0,3.3,30.3,1310.97,0
515,179392.0,18,4347,3,4.1,0,0,0.073,Brick,692.0,3.1,24.9,963.2,0
516,167139.0,45,1064,1,3.3,1,0,0.072,Concrete,724.0,1.9,49.3,1323.07,1
517,394701.0,35,2195,5,1.0,0,0,0.071,Wood,733.0,6.0,34.2,1210.35,1
518,676860.0,44,4357,3,4.3,0,0,0.026,Brick,630.0,2.1,24.9,1211.93,0
519,791729.0,7,1445,2,1.8,0,0,0.022,Brick,715.0,4.5,11.7,1071.36,0
520,247771.0,28,3790,3,1.4,0,0,0.038,Brick,700.0,4.9,23.7,979.39,0
521,536185.0,31,2699,3,3.7,0,0,0.137,Brick,661.0,0.7,40.5,1375.59,0
522,397579.0,43,3304,2,2.8,0,0,0.017,Brick,697.0,0.7,21.3,1018.29,1
523,780444.0,17,3572,4,2.5,0,0,0.114,Wood,642.0,5.4,35.0,1415.22,1
524,697377.0,5,1954,4,1.9,0,1,0.114,Brick,624.0,7.1,56.9,1702.19,0
525,694914.0,17,1387,1,2.9,0,0,0.121,Brick,703.0,9.5,40.5,1454.96,0
526,454651.0,18,2621,1,2.0,0,0,0.133,Brick,745.0,2.2,36.0,1267.33,0
527,419633.0,21,1785,4,4.2,0,0,0.039,Wood,683.0,1.5,17.7,975.32,0
528,327715.0,36,4879,5,1.8,0,1,0.034,Wood,652.0,1.0,47.2,1371.86,0
529,186644.0,31,4148,3,4.1,1,0,0.07,Wood,660.0,4.6,46.0,1283.32,1
530,712070.0,40,4631,5,3.0,1,1,0.04,Wood,727.0,6.4,70.4,1912.04,1
531,678386.0,2,2041,3,3.9,0,0,0.11,Wood,783.0,8.5,31.3,1308.69,0
532,799816.0,27,989,4,3.5,1,0,0.095,Brick,739.0,7.0,51.8,1676.91,1
533,797814.0,9,1780,1,3.4,1,1,0.131,Concrete,765.0,2.5,72.3,1983.41,1
534,511031.0,34,2498,1,2.1,0,0,0.012,Brick,648.0,4.9,20.9,1069.02,0
535,649842.0,28,2515,5,1.8,1,0,0.137,Brick,696.0,9.1,62.7,1765.42,1
536,764098.0,14,3393,1,1.7,0,0,0.044,Wood,751.0,3.6,18.0,1152.05,0
537,702271.0,32,4936,4,4.0,0,1,0.074,Brick,630.0,5.2,57.8,1718.14,0
538,310776.0,6,1898,5,3.9,1,0,0.066,Concrete,667.0,9.6,40.2,1258.39,1
539,442854.0,11,3126,3,2.5,0,0,0.114,Brick,747.0,7.5,34.7,1241.93,0
540,233954.0,48,4047,1,1.5,1,0,0.063,Concrete,713.0,7.6,54.4,1432.98,1
541,770133.0,29,1695,2,2.3,0,0,0.142,Concrete,652.0,2.9,42.9,1528.57,0
542,544014.0,20,2474,1,3.2,0,1,0.135,Concrete,618.0,4.4,64.4,1738.01,0
543,298618.0,30,3709,3,2.6,0,0,0.131,Concrete,767.0,1.3,39.5,1241.81,1
544,586605.0,23,1730,5,3.7,0,0,0.011,Concrete,597.0,6.3,17.7,1058.8,0
545,551783.0,19,1523,3,4.5,0,1,0.128,Wood,732.0,1.5,59.7,1671.39,0
546,382806.0,36,3740,2,1.7,0,0,0.117,Brick,673.0,8.4,46.2,1384.4,0
547,223812.0,3,1889,4,2.6,0,0,0.016,Brick,752.0,8.2,12.6,800.91,1
548,586523.0,27,1735,1,2.5,0,0,0.016,Wood,648.0,5.6,19.6,1087.26,1
549,488200.0,43,3095,5,2.1,0,0,0.015,Concrete,831.0,1.8,22.0,1074.1,0
550,652007.0,19,955,4,1.7,0,0,0.002,Wood,720.0,0.7,8.7,956.5,1
551,488106.0,23,1870,3,1.2,1,0,0.082,Concrete,728.0,8.1,48.7,1474.55,1
552,703918.0,49,2758,5,4.1,0,0,0.146,Concrete,661.0,6.2,55.0,1676.96,0
553,508739.0,48,3301,4,2.5,1,0,0.066,Brick,693.0,7.3,54.7,1574.87,1
554,514610.0,31,4630,5,2.7,0,0,0.081,Brick,695.0,3.4,32.0,1237.3,1
555,719825.0,40,1654,2,4.2,1,0,0.145,Brick,790.0,5.3,65.3,1839.41,1
556,412264.0,35,1439,2,3.7,1,0,0.038,Brick,720.0,7.6,44.2,1369.13,1
557,237110.0,33,3038,1,1.5,1,0,0.129,Wood,727.0,4.9,58.9,1502.06,1
558,168709.0,35,2402,1,3.0,0,1,0.082,Concrete,727.0,6.2,61.6,1508.35,1
559,640839.0,1,1241,2,2.5,0,0,0.085,Wood,731.0,8.0,25.4,1201.42,0
560,553201.0,14,2136,5,3.8,0,0,0.051,Brick,631.0,2.5,18.3,1051.1,0
561,607652.0,33,4500,2,3.5,0,0,0.084,Brick,802.0,1.1,31.1,1270.33,0
562,288427.0,35,1748,1,3.4,1,0,0.011,Brick,656.0,5.6,36.8,1196.21,1
563,238641.0,5,4173,2,2.2,0,0,0.115,Wood,698.0,1.1,26.1,1010.82,0
564,159454.0,38,1259,2,3.8,0,0,0.043,Brick,777.0,7.8,31.6,1053.73,0
565,377882.0,41,1192,5,1.2,0,0,0.133,Brick,797.0,7.3,50.3,1443.44,0
566,533446.0,11,4738,4,1.6,1,1,0.055,Brick,740.0,8.9,64.3,1731.22,1
567,404959.0,2,2587,1,2.2,0,0,0.021,Brick,675.0,6.6,11.6,876.48,0
568,434359.0,44,3057,5,1.3,0,0,0.104,Concrete,706.0,1.1,39.5,1309.68,0
569,737703.0,17,1938,2,1.8,0,0,0.025,Brick,708.0,2.9,14.7,1089.35,0
570,376366.0,39,4608,2,3.9,1,0,0.113,Brick,710.0,8.2,61.4,1609.18,1
571,484093.0,20,3254,4,4.3,0,0,0.145,Brick,638.0,2.1,39.1,1328.55,0
572,659374.0,14,2266,1,2.1,2,0,0.117,Brick,763.0,7.1,66.1,1821.19,1
573,407753.0,32,4474,1,1.9,0,0,0.003,Wood,707.0,7.9,21.3,1023.38,0
574,554356.0,34,2177,3,2.0,0,0,0.09,Wood,664.0,3.6,35.2,1305.18,1
575,710536.0,25,3397,1,2.0,0,0,0.104,Brick,675.0,3.6,34.4,1371.27,1
576,767188.0,7,941,4,1.1,1,0,0.124,Wood,713.0,5.8,48.4,1609.59,1
577,245598.0,35,3459,3,4.2,0,0,0.008,Brick,630.0,8.7,24.3,987.3,0
578,752282.0,47,1639,3,1.7,0,0,0.072,Wood,744.0,2.6,35.8,1413.14,0
579,469876.0,29,4418,2,2.5,0,0,0.08,Brick,712.0,9.4,37.0,1289.94,0
580,317859.0,22,4717,2,1.0,0,0,0.025,Brick,778.0,6.2,20.0,958.93,0
581,448438.0,41,1395,1,4.0,0,0,0.048,Wood,704.0,9.9,35.9,1262.72,0
582,787021.0,43,2704,3,3.6,0,1,0.066,Concrete,646.0,1.4,56.8,1745.51,0
583,470202.0,13,1080,2,4.3,0,0,0.125,Wood,640.0,1.7,31.9,1213.6,0
584,363689.0,13,1223,4,3.7,0,0,0.139,Brick,680.0,8.4,41.4,1302.84,0
585,561711.0,1,2550,2,2.1,0,0,0.094,Brick,686.0,8.7,27.9,1199.36,1
586,306095.0,36,2767,2,1.9,0,0,0.059,Concrete,672.0,4.7,30.9,1116.55,0
587,199311.0,4,4888,3,3.4,0,0,0.038,Brick,706.0,7.3,16.5,847.16,0
588,233772.0,37,4978,3,2.3,0,1,0.147,Brick,670.0,8.7,77.9,1785.39,0
589,233230.0,44,3746,5,3.0,0,0,0.147,Brick,713.0,0.9,47.9,1335.12,0
590,248737.0,40,2249,4,1.0,0,1,0.139,Brick,674.0,6.0,74.8,1746.37,0
591,240238.0,46,3131,3,1.2,0,1,0.118,Brick,732.0,8.6,75.6,1754.12,0
592,566569.0,13,3020,1,2.9,1,0,0.049,Brick,684.0,4.3,34.3,1297.78,1
593,268222.0,38,4589,4,3.0,1,0,0.123,Brick,762.0,3.4,58.2,1507.11,1
594,374684.0,24,3610,4,3.6,1,0,0.061,Concrete,733.0,8.1,44.9,1360.84,1
595,732912.0,19,2331,3,1.5,0,0,0.049,Brick,710.0,3.7,21.1,1182.96,0
596,458075.0,1,3790,4,2.8,0,1,0.112,Brick,690.0,0.5,48.3,1453.54,0
597,583913.0,38,1943,3,1.7,1,0,0.012,Wood,624.0,9.6,42.2,1424.96,1
598,262008.0,5,1733,2,1.3,0,1,0.007,Wood,771.0,6.1,34.5,1148.5,1
599,274988.0,16,2260,5,2.4,1,0,0.067,Brick,666.0,8.3,43.1,1283.99,1
600,176565.0,24,3523,2,1.6,0,1,0.067,Concrete,705.0,8.3,56.3,1432.78,1
601,259808.0,27,3312,3,1.8,0,1,0.134,Brick,717.0,1.1,63.7,1585.4,1
602,331084.0,1,1085,3,2.1,0,0,0.019,Concrete,691.0,2.1,6.3,760.04,0
603,265057.0,34,1064,2,1.9,0,0,0.018,Brick,768.0,3.5,20.7,943.03,0
604,207657.0,36,3167,1,1.3,0,0,0.022,Brick,639.0,3.5,22.3,938.33,0
605,228413.0,4,4247,1,1.3,0,0,0.004,Concrete,787.0,6.8,9.2,752.21,0
606,449506.0,0,2562,1,1.7,1,1,0.011,Wood,734.0,6.4,48.6,1453.75,1
607,284117.0,39,3848,3,1.2,0,0,0.099,Brick,688.0,5.2,40.6,1251.06,0
608,386775.0,11,3181,4,3.2,0,0,0.065,Brick,688.0,2.5,19.9,991.89,1
609,477221.0,35,3069,3,2.0,0,0,0.115,Brick,589.0,4.1,41.1,1355.11,0
610,598757.0,44,840,4,2.0,0,0,0.149,Wood,658.0,5.7,53.1,1595.88,0
611,175553.0,22,867,2,2.2,0,0,0.099,Brick,682.0,4.9,33.5,1090.28,0
612,669617.0,46,1787,5,3.3,0,0,0.008,Brick,709.0,1.7,21.7,1160.31,0
613,558135.0,30,4808,4,4.0,0,0,0.016,Brick,763.0,6.7,21.9,1107.57,0
614,203143.0,10,3998,1,3.7,0,0,0.132,Wood,802.0,1.2,31.6,1075.57,0
615,717826.0,9,3324,3,3.5,2,0,0.079,Concrete,714.0,4.1,53.5,1661.41,1
616,748567.0,2,1885,2,2.7,0,0,0.124,Wood,710.0,7.2,32.8,1366.28,0
617,189701.0,13,3279,1,3.4,0,0,0.128,Brick,675.0,0.7,31.5,1067.35,0
618,329970.0,15,2493,2,2.9,1,0,0.139,Concrete,614.0,5.9,54.7,1485.48,1
619,674031.0,9,3115,5,1.8,1,0,0.142,Wood,670.0,3.7,50.7,1597.52,1
620,636369.0,28,1578,3,1.7,2,0,0.083,Concrete,690.0,0.6,58.4,1694.18,1
621,269939.0,9,2385,3,2.0,0,0,0.051,Brick,749.0,2.3,16.1,876.47,0
622,286077.0,11,2292,5,4.2,0,0,0.144,Brick,726.0,9.4,42.6,1282.04,0
623,390807.0,29,1460,3,2.9,0,1,0.082,Wood,711.0,5.5,58.5,1572.9,0
624,464940.0,40,2148,4,3.6,0,0,0.01,Brick,671.0,10.0,28.0,1152.47,1
625,551866.0,0,2099,2,2.2,0,1,0.096,Wood,601.0,5.5,49.7,1521.43,0
626,389794.0,4,4740,1,2.4,0,0,0.088,Concrete,604.0,5.7,24.9,1068.4,1
627,450648.0,19,2786,5,1.4,0,0,0.134,Concrete,617.0,4.2,38.6,1304.32,0
628,635856.0,7,2844,4,1.6,0,0,0.098,Concrete,685.0,3.4,25.8,1204.93,0
629,173844.0,42,4316,1,3.9,0,0,0.052,Wood,750.0,2.9,30.1,1038.42,0
630,314084.0,11,1858,1,3.0,0,0,0.145,Brick,748.0,3.8,37.2,1215.04,0
631,613677.0,0,1776,5,2.2,1,0,0.12,Brick,740.0,4.9,43.9,1465.34,1
632,731884.0,19,1527,4,3.8,0,0,0.095,Brick,674.0,2.3,28.9,1299.44,0
633,482590.0,27,3327,1,1.9,0,0,0.044,Wood,757.0,2.6,22.2,1074.3,0
634,495874.0,42,3936,1,4.4,1,0,0.056,Brick,653.0,3.1,46.1,1439.44,1
635,219662.0,36,1142,4,2.2,0,0,0.1,Brick,743.0,4.8,39.2,1197.83,0
636,440818.0,46,2247,3,2.2,0,0,0.011,Wood,616.0,6.7,27.3,1129.91,0
637,496201.0,36,3179,1,2.1,0,0,0.039,Wood,641.0,8.6,30.8,1210.1,0
638,307606.0,11,4459,2,1.4,0,0,0.107,Concrete,783.0,3.2,29.0,1088.8,0
639,325008.0,36,1326,4,1.4,2,0,0.072,Wood,690.0,2.2,61.0,1577.5,1
640,395235.0,48,2696,1,3.3,0,0,0.06,Wood,666.0,4.1,35.3,1227.12,0
641,163046.0,48,2873,5,4.1,0,0,0.023,Wood,755.0,9.0,32.8,1073.52,0
642,359351.0,43,1205,2,3.8,0,1,0.066,Concrete,761.0,0.6,56.0,1519.68,0
643,287441.0,27,2373,1,1.5,0,0,0.116,Wood,678.0,6.9,40.9,1257.22,0
644,362873.0,46,4540,2,2.9,0,0,0.04,Concrete,714.0,5.0,31.4,1152.44,0
645,227845.0,14,2646,2,1.4,2,0,0.001,Concrete,707.0,2.0,37.8,1180.92,1
646,728843.0,5,2278,3,1.2,0,0,0.1,Concrete,559.0,3.5,25.5,1246.92,0
647,535835.0,43,3195,2,3.3,0,0,0.146,Brick,630.0,2.6,49.0,1502.92,0
648,591417.0,19,1571,3,2.9,0,0,0.091,Brick,747.0,8.8,34.6,1314.71,1
649,662961.0,49,1378,4,1.3,0,0,0.018,Brick,658.0,5.1,28.3,1255.98,1
650,473987.0,13,3701,3,1.1,0,0,0.048,Brick,726.0,5.8,20.6,1045.99,0
651,206498.0,1,993,5,4.5,1,0,0.13,Brick,713.0,6.1,47.5,1315.75,1
652,499119.0,8,2807,1,1.1,0,0,0.035,Brick,761.0,6.6,16.8,1001.56,0
653,531447.0,36,1985,4,2.6,0,0,0.091,Brick,632.0,5.2,37.8,1332.72,0
654,634536.0,19,3194,4,2.8,0,0,0.06,Wood,720.0,0.7,20.3,1121.77,0
655,430579.0,25,3798,5,1.4,0,0,0.031,Wood,697.0,3.7,19.9,1013.79,1
656,232927.0,28,2592,3,1.6,0,0,0.122,Brick,661.0,2.2,37.8,1183.46,0
657,334454.0,0,1910,1,2.2,0,0,0.111,Wood,660.0,7.0,29.2,1105.23,1
658,386003.0,34,4805,3,3.7,0,0,0.099,Wood,711.0,1.0,34.4,1209.0,1
659,569846.0,5,3061,2,2.8,0,0,0.035,Wood,731.0,5.9,14.9,1008.42,0
660,521006.0,36,4536,3,3.2,1,1,0.015,Concrete,703.0,2.5,59.9,1659.0,1
661,381463.0,4,4593,4,4.4,0,0,0.086,Brick,705.0,9.5,28.3,1115.23,0
662,791235.0,32,2736,1,3.7,0,1,0.083,Brick,675.0,3.7,58.1,1767.12,1
663,543754.0,48,1529,3,2.5,0,0,0.028,Brick,678.0,3.6,28.4,1197.88,0
664,304197.0,13,4251,1,2.6,0,0,0.008,Brick,660.0,9.3,16.1,893.6,1
665,216159.0,11,2940,1,3.2,2,0,0.012,Wood,674.0,4.5,41.3,1227.58,1
666,249358.0,41,2444,2,3.3,0,0,0.149,Brick,730.0,9.6,55.8,1461.68,0
667,309873.0,19,3600,2,2.8,0,0,0.118,Brick,735.0,0.7,31.9,1133.44,0
668,254443.0,49,941,4,3.3,0,0,0.138,Brick,636.0,3.4,50.6,1386.22,0
669,271269.0,23,2255,5,1.1,1,0,0.029,Brick,655.0,6.8,36.8,1187.63,1
670,335312.0,42,2896,1,2.5,0,1,0.144,Wood,664.0,9.0,79.6,1861.66,1
671,262693.0,33,2125,5,2.0,0,0,0.021,Wood,697.0,2.9,20.3,935.85,0
672,732898.0,24,2013,4,1.5,0,0,0.076,Brick,616.0,9.3,34.1,1377.95,0
673,202152.0,49,1959,1,1.3,1,0,0.124,Brick,656.0,6.1,65.5,1583.58,1
674,490932.0,28,1140,1,3.1,1,0,0.052,Brick,631.0,8.1,44.7,1415.97,1
675,416758.0,38,4628,5,2.8,1,0,0.064,Brick,720.0,4.3,47.3,1417.88,1
676,788546.0,30,2768,3,1.9,0,0,0.019,Concrete,699.0,2.5,18.3,1168.77,1
677,222825.0,46,1503,2,2.6,1,1,0.018,Brick,677.0,9.2,71.2,1679.41,1
678,408606.0,42,3229,3,2.7,0,0,0.093,Wood,647.0,9.4,44.8,1376.3,0
679,780156.0,49,2600,5,1.7,0,0,0.101,Concrete,678.0,5.2,45.0,1565.08,0
680,712580.0,22,1655,2,3.3,0,0,0.117,Brick,672.0,0.6,32.8,1348.29,1
681,681097.0,43,2612,3,3.7,0,1,0.084,Brick,782.0,1.5,60.5,1748.05,0
682,317637.0,37,3666,2,3.8,1,0,0.097,Concrete,750.0,5.9,55.1,1485.32,1
683,261077.0,19,4442,1,3.1,0,0,0.002,Concrete,665.0,0.7,8.7,761.04,0
684,584618.0,22,982,3,2.8,1,0,0.024,Brick,708.0,4.3,32.9,1285.81,1
685,754094.0,44,3912,2,1.2,2,0,0.148,Wood,747.0,3.4,80.6,2086.05,1
686,511896.0,15,2317,2,2.0,0,0,0.011,Concrete,665.0,7.3,15.5,988.45,0
687,521548.0,49,2156,2,1.3,0,0,0.102,Brick,629.0,1.0,41.0,1375.77,0
688,331986.0,41,2974,3,4.4,0,1,0.026,Concrete,610.0,5.1,51.7,1441.49,0
689,650170.0,7,4429,4,1.5,1,1,0.108,Brick,764.0,6.0,70.4,1881.08,1
690,271578.0,49,4428,3,1.5,0,0,0.106,Wood,690.0,6.4,47.2,1343.79,1
691,360392.0,20,4896,5,4.1,0,0,0.035,Concrete,715.0,4.3,19.3,969.7,0
692,426534.0,0,4039,3,4.3,1,0,0.04,Concrete,671.0,3.4,26.4,1109.27,1
693,479947.0,7,4491,2,3.7,0,1,0.098,Brick,637.0,7.0,54.4,1555.97,0
694,307566.0,28,818,1,1.0,0,0,0.059,Brick,646.0,8.6,31.6,1127.78,0
695,224644.0,31,4203,3,1.0,1,0,0.029,Wood,633.0,7.1,40.3,1216.82,1
696,546903.0,37,3804,3,2.3,0,0,0.11,Wood,742.0,9.4,46.2,1466.45,0
697,337610.0,4,1932,2,1.5,0,0,0.023,Wood,775.0,7.3,13.5,871.3,0
698,527805.0,46,4139,1,1.1,0,0,0.128,Concrete,702.0,7.8,51.8,1540.9,1
699,250336.0,21,4111,1,2.6,0,0,0.077,Concrete,624.0,2.1,25.9,1013.67,0
700,462741.0,46,4172,5,4.3,1,0,0.016,Brick,725.0,4.5,41.1,1347.87,1
701,496183.0,33,1787,3,2.1,0,1,0.104,Brick,763.0,5.1,64.1,1709.59,0
702,183685.0,0,4121,1,3.3,0,0,0.078,Brick,749.0,2.9,18.5,869.34,0
703,368793.0,25,973,1,3.3,0,0,0.045,Wood,699.0,5.5,24.5,1051.9,0
704,237370.0,42,4541,4,1.9,1,0,0.063,Wood,688.0,3.3,47.7,1334.18,1
705,191194.0,9,3852,4,3.3,0,0,0.045,Wood,698.0,7.0,19.6,889.6,1
706,793474.0,29,1526,1,1.7,0,0,0.039,Brick,761.0,5.0,24.4,1262.74,0
707,359530.0,49,4560,5,1.4,0,0,0.025,Brick,738.0,4.9,29.5,1122.27,0
708,676418.0,17,2675,1,3.5,0,0,0.054,Brick,681.0,9.8,27.4,1249.21,0
709,315516.0,16,4833,2,1.4,0,1,0.038,Wood,679.0,4.2,43.2,1305.76,1
710,592977.0,25,1789,3,4.5,0,0,0.103,Brick,676.0,3.9,34.5,1313.99,0
711,644148.0,7,4544,5,1.6,0,0,0.103,Brick,647.0,3.5,26.9,1225.57,0
712,537165.0,46,3486,2,3.1,0,0,0.075,Brick,768.0,9.0,42.4,1404.58,0
713,456525.0,39,1219,5,2.4,0,0,0.117,Wood,661.0,5.2,44.2,1391.26,0
714,417697.0,48,1393,2,1.4,1,0,0.126,Brick,725.0,6.2,65.6,1692.85,1
715,376764.0,11,2574,3,1.1,1,1,0.087,Concrete,667.0,2.2,64.0,1648.38,1
716,754194.0,26,3259,3,3.2,0,0,0.093,Wood,676.0,5.6,34.6,1396.1,0
717,689903.0,7,1735,4,3.8,0,0,0.042,Wood,694.0,3.1,14.3,1059.45,0
718,777267.0,24,4608,2,3.9,0,1,0.134,Wood,727.0,7.4,68.8,1920.63,0
719,230793.0,45,1131,4,2.7,0,0,0.004,Brick,687.0,8.4,27.2,1023.4,0
720,625064.0,3,4249,2,3.7,1,0,0.052,Brick,643.0,7.3,33.9,1321.03,1
721,759921.0,32,3502,4,3.4,0,0,0.108,Concrete,701.0,7.4,41.8,1506.96,0
722,267801.0,0,4806,3,3.5,0,0,0.012,Wood,662.0,5.4,7.8,750.9,0
723,193223.0,18,4668,5,2.7,0,0,0.027,Concrete,777.0,7.3,19.9,895.11,0
724,631728.0,30,1001,4,3.2,0,0,0.088,Wood,687.0,4.5,34.1,1327.36,0
725,523408.0,15,3297,2,3.8,0,0,0.084,Brick,667.0,6.7,29.5,1204.2,0
726,697189.0,13,2642,2,2.4,2,0,0.111,Brick,799.0,3.0,60.4,1754.59,1
727,240852.0,47,2666,3,3.8,0,0,0.122,Wood,737.0,1.2,44.4,1286.43,0
728,666924.0,4,2796,2,3.1,1,0,0.019,Brick,655.0,4.4,24.8,1205.46,1
729,281058.0,40,1709,1,1.6,0,0,0.003,Brick,660.0,4.9,21.5,963.03,0
730,256376.0,25,3989,5,1.1,1,1,0.103,Concrete,724.0,2.9,73.5,1730.69,1
731,256773.0,27,1570,4,2.3,1,0,0.045,Brick,702.0,7.4,42.2,1261.39,1
732,679474.0,1,3955,5,2.9,0,0,0.094,Brick,745.0,1.2,20.4,1145.74,0
733,582378.0,49,3301,3,3.9,1,0,0.023,Concrete,667.0,2.6,41.8,1418.19,1
734,489993.0,5,3514,4,1.4,0,0,0.07,Concrete,735.0,7.6,23.6,1099.0,1
735,383240.0,8,4385,4,3.8,0,1,0.076,Brick,588.0,4.7,48.1,1413.12,1
736,720180.0,32,2428,1,4.0,2,0,0.088,Concrete,692.0,7.2,67.6,1874.09,1
737,405089.0,40,1186,3,1.5,0,0,0.077,Concrete,669.0,5.9,37.3,1262.04,0
738,680790.0,24,4221,2,4.0,1,0,0.074,Brick,677.0,9.5,48.9,1573.9,1
739,435438.0,47,4808,1,4.5,0,0,0.05,Brick,695.0,6.2,35.0,1242.72,0
740,395014.0,12,4893,1,3.5,0,0,0.011,Brick,757.0,0.6,7.6,811.51,0
741,450742.0,8,3266,5,3.7,0,0,0.013,Wood,642.0,3.9,9.7,870.87,0
742,345896.0,12,3082,5,4.5,0,0,0.065,Brick,591.0,1.9,19.7,968.45,0
743,635946.0,30,2656,5,3.1,0,0,0.053,Concrete,648.0,9.3,31.9,1296.47,0
744,476768.0,40,2798,1,2.1,0,0,0.077,Wood,751.0,1.5,32.9,1231.88,0
745,300938.0,10,2036,2,3.9,1,0,0.046,Wood,618.0,4.2,32.4,1136.47,1
746,734723.0,3,4944,4,3.2,0,0,0.103,Concrete,671.0,2.6,24.4,1233.36,0
747,399529.0,33,1950,5,3.0,0,1,0.13,Concrete,742.0,8.5,72.7,1790.26,1
748,503309.0,37,2231,2,1.9,0,0,0.045,Brick,697.0,3.4,27.2,1159.65,0
749,739207.0,45,2619,3,3.6,0,0,0.029,Brick,756.0,9.9,33.7,1375.1,0
750,555755.0,3,3124,5,1.3,1,0,0.017,Wood,598.0,0.9,20.5,1085.38,1
751,225984.0,37,1930,4,4.2,1,0,0.092,Brick,684.0,1.7,49.9,1361.49,1
752,760891.0,18,3458,3,2.1,0,1,0.067,Brick,767.0,2.6,48.2,1603.45,0
753,558010.0,5,4300,3,1.4,0,0,0.028,Wood,644.0,8.2,15.8,1016.0,1
754,367689.0,33,1174,4,2.5,2,0,0.098,Concrete,752.0,8.8,71.6,1757.84,1
755,240527.0,17,2920,5,1.1,0,0,0.022,Brick,688.0,1.2,12.4,806.26,0
756,666116.0,12,4820,1,3.4,0,0,0.083,Wood,722.0,0.8,22.2,1166.06,1
757,553047.0,40,2821,4,4.2,1,0,0.079,Brick,763.0,7.6,54.4,1592.52,1
758,496750.0,22,4505,4,3.9,2,0,0.11,Wood,721.0,1.8,62.6,1687.38,1
759,731030.0,18,4059,4,1.4,1,0,0.008,Brick,670.0,1.8,25.6,1249.51,1
760,662588.0,44,4235,3,1.4,0,0,0.133,Concrete,728.0,0.7,44.9,1504.79,0
761,248589.0,10,2689,2,3.8,0,0,0.105,Brick,667.0,1.0,26.0,1014.29,0
762,352619.0,0,2623,1,4.2,0,0,0.032,Wood,714.0,3.0,9.4,817.31,0
763,311518.0,23,2274,5,2.6,1,0,0.028,Brick,637.0,1.1,30.9,1119.26,1
764,633565.0,6,3042,5,2.7,0,0,0.065,Brick,701.0,4.0,19.4,1107.78,0
765,171796.0,24,4043,2,2.1,0,0,0.123,Brick,759.0,8.4,42.6,1224.9,0
766,520428.0,20,3934,4,4.1,0,0,0.126,Brick,685.0,3.6,36.8,1312.21,0
767,645598.0,14,2870,1,3.3,0,0,0.078,Brick,755.0,7.4,28.6,1251.8,1
768,719898.0,0,1159,5,2.0,0,0,0.129,Brick,850.0,1.4,27.2,1267.95,0
769,372353.0,11,2841,5,2.0,0,1,0.001,Wood,699.0,6.8,36.4,1232.18,0
770,683817.0,6,1941,4,4.1,1,1,0.005,Wood,731.0,3.5,46.9,1545.41,1
771,221911.0,14,2435,2,1.0,0,0,0.137,Brick,724.0,7.6,40.6,1219.96,0
772,700194.0,20,4800,1,2.1,1,0,0.116,Wood,711.0,1.8,48.0,1570.1,1
773,232868.0,18,2743,2,2.9,0,0,0.068,Brick,739.0,9.0,29.8,1063.43,0
774,408237.0,28,4161,2,1.5,0,0,0.113,Wood,688.0,2.8,36.6,1253.12,1
775,668242.0,24,3780,1,1.3,0,0,0.143,Brick,667.0,3.9,42.1,1465.62,1
776,247446.0,32,806,1,3.9,0,0,0.116,Wood,624.0,9.5,45.5,1306.22,0
777,299013.0,48,4067,5,4.1,1,1,0.126,Brick,683.0,6.0,90.4,2005.51,1
778,619464.0,31,2391,5,3.9,0,0,0.114,Concrete,745.0,4.0,39.2,1397.73,0
779,618024.0,48,4064,1,4.1,0,0,0.025,Brick,653.0,9.5,33.7,1314.51,0
780,566746.0,34,3406,3,2.9,1,0,0.125,Brick,712.0,3.6,57.2,1641.37,1
781,601066.0,43,4019,5,3.8,0,0,0.029,Brick,694.0,1.4,24.4,1166.53,0
782,502771.0,37,4073,3,2.3,0,0,0.134,Concrete,669.0,10.0,51.6,1525.39,0
783,313669.0,25,1713,1,3.3,0,0,0.069,Wood,607.0,3.0,26.8,1058.83,0
784,374702.0,10,2811,5,4.5,0,0,0.102,Wood,768.0,8.6,33.0,1182.35,0
785,268039.0,34,2242,2,1.8,1,0,0.075,Concrete,726.0,2.1,45.7,1319.52,1
786,740493.0,7,3854,1,2.4,0,0,0.014,Concrete,833.0,7.4,13.0,1065.25,0
787,529205.0,45,4346,4,2.7,0,0,0.044,Wood,754.0,5.5,32.3,1249.1,0
788,410553.0,13,3728,3,1.5,1,0,0.148,Brick,767.0,9.8,59.6,1599.28,1
789,450304.0,9,2629,1,1.3,0,0,0.144,Concrete,613.0,5.8,38.2,1298.15,0
790,765734.0,1,1375,1,3.9,1,0,0.048,Brick,612.0,0.7,25.7,1268.37,1
791,249678.0,45,1729,5,4.4,0,1,0.149,Wood,702.0,6.2,79.0,1809.84,0
792,531049.0,8,4559,5,2.4,0,0,0.127,Wood,643.0,1.9,30.5,1223.02,1
793,478828.0,2,4499,5,1.3,0,1,0.092,Wood,666.0,8.1,52.3,1523.91,0
794,547445.0,20,2263,4,1.2,0,1,0.006,Wood,826.0,8.6,42.8,1415.72,0
795,161772.0,25,4075,5,4.1,0,0,0.135,Wood,759.0,5.1,42.1,1212.39,0
796,716881.0,7,1854,1,2.6,0,0,0.084,Concrete,653.0,7.9,27.5,1270.94,1
797,755877.0,47,2700,5,2.1,0,1,0.13,Brick,582.0,1.9,71.7,1953.44,1
798,517337.0,1,2257,2,2.7,0,0,0.125,Brick,649.0,5.2,30.6,1217.67,0
799,602823.0,5,2199,5,2.1,0,0,0.125,Wood,672.0,4.2,31.2,1269.41,0
800,749625.0,27,4215,4,2.7,0,1,0.105,Concrete,684.0,6.3,63.1,1821.31,0
801,609705.0,28,1242,2,4.0,1,0,0.044,Brick,636.0,0.9,35.9,1343.35,1
802,249150.0,25,4450,1,3.1,1,0,0.05,Brick,756.0,7.6,42.6,1263.58,1
803,524587.0,24,1978,1,3.4,0,0,0.046,Brick,664.0,1.3,20.1,1063.79,0
804,544365.0,11,2057,3,2.3,0,0,0.003,Brick,732.0,6.7,11.7,947.68,0
805,425685.0,4,4434,2,3.6,0,0,0.087,Concrete,703.0,0.7,19.7,1008.34,0
806,628689.0,33,2641,3,3.3,0,0,0.105,Wood,747.0,8.4,42.6,1453.34,0
807,757339.0,47,3109,2,1.4,0,0,0.128,Wood,688.0,2.2,46.6,1577.67,0
808,751620.0,36,1710,2,3.0,1,0,0.021,Wood,654.0,5.4,39.0,1460.81,1
809,443046.0,14,4809,4,1.9,1,0,0.082,Wood,670.0,3.0,40.0,1321.52,1
810,223605.0,43,2969,3,3.8,1,0,0.001,Brick,671.0,7.4,39.8,1208.8,1
811,790147.0,35,2972,4,2.5,0,0,0.014,Brick,803.0,3.6,20.4,1201.07,1
812,695284.0,14,923,2,4.5,1,0,0.008,Brick,704.0,7.4,29.6,1291.64,1
813,231031.0,42,3958,1,1.3,1,0,0.109,Brick,700.0,3.2,56.8,1467.52,1
814,748547.0,47,1585,2,3.7,0,0,0.012,Brick,744.0,7.6,28.8,1306.27,0
815,715433.0,22,3216,4,3.4,1,1,0.107,Brick,700.0,0.8,71.0,1922.72,1
816,487245.0,5,1596,3,3.7,0,0,0.037,Brick,756.0,3.2,12.6,932.62,0
817,534329.0,45,4972,3,2.1,1,0,0.132,Brick,681.0,5.2,64.6,1736.16,1
818,409352.0,49,4954,4,2.7,0,0,0.122,Wood,676.0,0.9,44.9,1378.18,0
819,185595.0,43,2736,3,3.8,0,0,0.144,Brick,651.0,2.3,48.3,1317.3,0
820,367878.0,42,2956,5,1.8,0,0,0.133,Concrete,793.0,9.4,52.8,1475.94,0
821,671855.0,44,4607,1,1.8,1,0,0.14,Brick,697.0,9.8,70.4,1891.93,1
822,153011.0,20,2101,1,2.9,0,0,0.129,Wood,641.0,7.5,41.3,1196.01,0
823,366774.0,22,4963,1,2.8,0,0,0.104,Concrete,710.0,2.9,32.5,1170.89,0
824,408810.0,42,3940,3,2.0,1,0,0.026,Concrete,667.0,3.0,40.0,1304.4,1
825,499307.0,15,4036,3,2.0,0,0,0.041,Concrete,681.0,6.6,20.8,1061.65,0
826,747906.0,46,3152,2,2.0,1,0,0.032,Brick,716.0,1.6,41.4,1494.95,1
827,375125.0,14,2732,2,3.7,0,1,0.091,Brick,776.0,9.5,58.3,1562.06,0
828,375520.0,24,3521,1,3.3,0,0,0.076,Brick,705.0,2.6,27.4,1098.76,0
829,629376.0,35,1164,5,3.9,0,0,0.13,Brick,664.0,10.0,50.0,1564.69,0
830,443942.0,10,3190,2,4.4,0,0,0.143,Brick,675.0,5.2,37.8,1288.97,0
831,295993.0,14,1746,2,2.7,0,1,0.061,Concrete,733.0,7.8,50.6,1407.0,0
832,444086.0,3,2177,3,1.2,1,0,0.076,Wood,602.0,0.5,31.9,1200.54,1
833,241557.0,20,2239,5,1.2,0,1,0.146,Wood,648.0,8.9,71.1,1687.28,0
834,264652.0,12,3980,1,2.0,0,0,0.041,Concrete,711.0,3.1,16.1,873.83,0
835,473939.0,21,1140,2,4.3,1,0,0.119,Wood,615.0,6.8,54.0,1546.97,1
836,422302.0,18,3789,5,2.8,0,0,0.034,Wood,684.0,8.2,22.2,1044.15,0
837,744650.0,33,1182,5,2.0,0,0,0.102,Wood,676.0,2.1,35.7,1407.82,0
838,385556.0,13,2356,1,2.4,0,0,0.038,Brick,744.0,4.7,17.5,955.28,0
839,527382.0,3,1099,5,3.1,2,0,0.133,Brick,687.0,5.2,63.0,1708.69,1
840,560972.0,47,938,5,3.3,0,0,0.084,Concrete,759.0,3.5,39.1,1366.99,0
841,158511.0,45,1158,5,1.5,0,1,0.028,Concrete,704.0,5.1,53.7,1384.76,0
842,581299.0,26,2322,2,4.4,0,0,0.034,Concrete,789.0,3.5,20.7,1101.15,0
843,265723.0,28,4256,1,2.9,0,1,0.074,Brick,631.0,3.9,54.9,1456.36,0
844,774696.0,46,2427,5,1.5,0,0,0.144,Concrete,781.0,6.9,54.1,1698.85,1
845,246631.0,27,2103,5,4.1,0,0,0.115,Brick,679.0,6.5,40.3,1227.82,0
846,419506.0,34,1934,2,1.3,0,1,0.073,Brick,774.0,2.7,55.9,1548.25,0
847,205477.0,7,2986,1,4.2,1,0,0.051,Brick,759.0,9.0,37.0,1157.74,1
848,797968.0,15,3970,3,4.5,0,0,0.082,Brick,557.0,8.7,31.1,1365.48,0
849,476427.0,41,4635,2,3.5,0,0,0.112,Brick,724.0,5.3,44.1,1399.71,0
850,537000.0,35,2951,1,3.7,0,0,0.118,Brick,750.0,4.6,42.2,1401.5,0
851,193600.0,29,2037,5,2.2,0,0,0.049,Brick,766.0,4.1,25.5,979.3,1
852,637474.0,17,4535,1,4.3,2,0,0.108,Brick,641.0,7.2,65.6,1802.74,1
853,286439.0,1,3634,1,2.9,0,0,0.099,Wood,730.0,6.9,27.1,1049.72,0
854,733735.0,48,1798,1,3.6,1,1,0.144,Wood,710.0,2.4,90.4,2222.87,1
855,283341.0,12,3367,3,4.2,0,0,0.14,Brick,722.0,6.9,39.7,1237.17,0
856,273947.0,3,2107,1,4.4,1,1,0.118,Brick,750.0,2.9,67.7,1652.47,1
857,173757.0,25,1456,3,3.9,3,0,0.109,Wood,758.0,0.7,77.5,1749.38,1
858,456844.0,24,3460,5,2.1,0,0,0.041,Wood,667.0,7.1,24.9,1101.92,0
859,517147.0,29,3011,3,4.4,0,0,0.127,Brick,713.0,6.6,43.6,1412.57,0
860,192711.0,10,2709,5,3.2,0,0,0.064,Wood,702.0,4.4,21.2,914.36,0
861,654093.0,6,4530,5,4.3,0,1,0.041,Concrete,688.0,5.5,41.1,1443.55,0
862,444638.0,30,2846,3,3.4,0,0,0.058,Brick,693.0,9.5,33.1,1218.82,0
863,490854.0,43,3962,2,2.1,0,0,0.125,Brick,710.0,6.2,48.4,1471.43,1
864,436496.0,9,1940,4,2.3,0,0,0.022,Brick,670.0,6.7,14.7,938.75,0
865,410496.0,38,1066,1,2.9,0,0,0.068,Wood,744.0,1.1,29.9,1153.75,0
866,513766.0,12,2645,4,3.8,0,1,0.074,Brick,763.0,2.1,46.7,1457.38,0
867,250906.0,30,2508,1,2.1,0,1,0.005,Brick,659.0,3.4,41.4,1246.45,0
868,268253.0,6,4430,1,3.0,0,0,0.029,Brick,766.0,5.6,13.8,841.13,1
869,710161.0,48,4011,5,2.2,0,0,0.124,Concrete,659.0,7.9,51.9,1633.58,0
870,764975.0,41,3093,1,3.9,0,0,0.125,Wood,745.0,3.6,45.0,1557.49,0
871,392651.0,41,4532,1,2.6,0,0,0.044,Wood,766.0,3.9,29.1,1132.83,1
872,325984.0,35,4629,3,1.3,0,1,0.131,Concrete,695.0,2.9,68.1,1684.49,0
873,568600.0,19,2310,4,1.6,0,0,0.116,Brick,659.0,2.9,33.7,1289.8,0
874,415677.0,3,1275,3,1.2,0,0,0.063,Concrete,671.0,9.5,23.3,1057.34,1
875,166501.0,6,1776,1,2.7,0,0,0.112,Wood,718.0,6.5,31.3,1052.75,0
876,251499.0,0,2007,5,1.4,1,1,0.144,Brick,798.0,2.0,70.8,1687.75,1
877,615382.0,43,2760,3,1.4,0,0,0.069,Concrete,615.0,7.4,38.4,1383.69,0
878,578301.0,44,1357,3,4.3,0,0,0.036,Concrete,705.0,7.4,32.2,1272.15,0
879,167612.0,41,1682,2,4.1,0,0,0.141,Concrete,696.0,6.8,51.4,1354.81,1
880,294282.0,46,2994,1,2.6,0,0,0.091,Brick,677.0,1.8,38.4,1223.14,0
881,300199.0,12,3467,5,4.5,0,0,0.016,Concrete,696.0,4.4,12.4,836.1,0
882,586730.0,21,2410,3,1.0,0,0,0.086,Concrete,673.0,1.5,27.1,1199.86,1
883,162812.0,20,4288,3,3.1,0,0,0.075,Brick,762.0,8.3,31.3,1050.91,0
884,217671.0,21,3254,5,3.2,0,0,0.128,Brick,767.0,6.7,40.7,1219.34,1
885,669945.0,27,2746,1,2.6,0,0,0.08,Brick,704.0,5.3,32.1,1316.47,0
886,266054.0,8,3608,2,2.4,0,0,0.038,Concrete,693.0,3.8,14.6,852.03,0
887,574285.0,25,4625,3,2.6,1,0,0.101,Wood,675.0,2.3,47.5,1499.64,1
888,304819.0,8,4336,2,2.5,0,0,0.081,Brick,705.0,1.5,20.9,965.91,0
889,214637.0,14,4602,4,3.6,0,0,0.035,Brick,792.0,9.7,22.3,941.82,0
890,308062.0,9,4977,1,1.5,0,0,0.086,Brick,695.0,2.4,23.2,1002.03,0
891,619474.0,23,2770,4,1.7,1,1,0.123,Wood,658.0,1.1,74.9,1933.24,1
892,706203.0,41,4622,4,1.6,1,0,0.004,Brick,680.0,9.6,41.8,1480.1,1
893,689643.0,7,3619,4,1.9,1,0,0.095,Concrete,738.0,5.7,42.5,1482.32,1
894,408169.0,23,1702,1,2.8,1,0,0.052,Wood,664.0,8.1,42.7,1344.58,1
895,584255.0,15,1164,1,1.4,0,0,0.044,Wood,698.0,0.9,15.7,1027.63,0
896,283240.0,48,3919,5,4.0,0,0,0.059,Brick,724.0,5.9,36.9,1195.12,0
897,340546.0,25,3358,2,2.0,0,0,0.051,Brick,668.0,4.3,24.5,1037.77,0
898,732618.0,26,2663,2,1.6,1,0,0.125,Brick,612.0,7.8,58.2,1739.31,1
899,158451.0,36,915,5,3.4,0,0,0.041,Brick,646.0,0.9,23.5,931.73,1
900,205581.0,3,3184,5,1.1,0,0,0.11,Brick,657.0,4.3,27.5,1015.29,0
901,285126.0,49,4735,4,3.2,0,0,0.014,Concrete,689.0,8.1,30.5,1100.06,0
902,167246.0,23,3290,5,3.4,0,0,0.143,Brick,702.0,5.5,43.3,1233.12,0
903,267933.0,18,1742,3,1.8,0,0,0.093,Brick,741.0,5.7,31.5,1106.47,0
904,528977.0,35,2524,2,1.1,0,0,0.106,Brick,639.0,1.4,36.6,1313.49,0
905,423926.0,38,3134,5,2.3,1,0,0.045,Brick,734.0,1.8,41.0,1326.96,1
906,730237.0,9,3567,3,1.3,0,1,0.062,Concrete,681.0,6.9,47.9,1583.62,0
907,681338.0,24,1937,3,1.4,1,0,0.034,Brick,611.0,6.9,38.3,1415.17,1
908,372181.0,17,3327,3,1.9,0,0,0.14,Brick,701.0,9.8,44.6,1355.09,0
909,318625.0,18,4917,3,2.0,0,0,0.073,Wood,766.0,7.3,29.1,1095.81,0
910,396800.0,35,4220,4,2.9,0,1,0.095,Brick,744.0,5.2,63.2,1646.4,0
911,533692.0,9,4706,3,3.4,0,0,0.11,Brick,696.0,8.6,34.2,1279.85,0
912,324241.0,32,4437,4,3.1,1,0,0.056,Brick,756.0,1.5,40.5,1269.62,1
913,555697.0,49,3753,4,1.5,0,1,0.108,Brick,710.0,4.8,71.0,1842.85,0
914,416118.0,4,3167,3,1.6,2,1,0.101,Brick,749.0,3.2,80.0,1908.06,1
915,508831.0,46,1076,2,4.1,0,0,0.106,Brick,617.0,1.5,41.1,1370.92,0
916,433482.0,48,2799,3,3.0,0,0,0.073,Concrete,638.0,7.8,41.6,1340.74,0
917,341403.0,34,2027,3,4.0,2,0,0.057,Brick,736.0,5.4,60.4,1576.7,1
918,766495.0,43,4552,3,2.3,0,0,0.033,Wood,777.0,5.8,29.6,1327.25,0
919,646344.0,33,4535,2,3.2,0,0,0.124,Wood,721.0,4.4,42.4,1459.17,0
920,241074.0,32,1495,1,2.8,1,0,0.091,Wood,675.0,4.9,50.9,1384.04,1
921,714504.0,20,2109,1,2.1,0,0,0.067,Brick,657.0,1.6,23.0,1202.25,0
922,466830.0,16,4952,4,2.6,1,0,0.142,Brick,684.0,6.9,56.7,1583.92,1
923,731459.0,21,4034,4,2.8,0,0,0.007,Wood,761.0,4.6,14.4,1081.73,0
924,669906.0,47,4914,2,1.7,0,0,0.128,Wood,683.0,8.3,52.7,1625.45,0
925,426389.0,36,3111,5,2.1,0,0,0.15,Wood,752.0,2.4,46.8,1415.19,0
926,164605.0,14,3641,1,3.8,0,0,0.133,Brick,733.0,2.4,34.6,1101.3,0
927,324640.0,34,4359,4,4.2,0,1,0.122,Concrete,786.0,6.6,69.6,1706.32,0
928,502062.0,27,4198,1,2.3,0,0,0.056,Brick,710.0,8.5,30.5,1208.53,0
929,561761.0,6,1341,2,2.1,1,0,0.035,Brick,698.0,5.0,29.4,1221.88,1
930,317627.0,31,3494,2,1.7,0,1,0.11,Brick,755.0,7.4,66.8,1660.81,0
931,240581.0,10,1888,5,3.4,0,0,0.046,Brick,653.0,10.0,23.2,968.29,0
932,692705.0,9,4163,5,2.1,1,0,0.026,Brick,678.0,9.9,33.7,1351.85,1
933,789861.0,8,824,2,4.5,0,1,0.118,Wood,616.0,7.6,59.4,1785.93,1
934,491699.0,13,2372,4,2.1,0,0,0.047,Concrete,637.0,7.5,22.1,1077.35,0
935,261592.0,12,3758,1,2.4,0,0,0.137,Concrete,796.0,2.9,35.1,1157.3,0
936,327000.0,24,2567,3,3.1,0,0,0.126,Brick,735.0,8.4,43.2,1311.5,0
937,161954.0,1,3035,5,3.8,0,0,0.127,Wood,631.0,4.3,30.1,1032.48,1
938,744294.0,34,1000,3,2.6,1,0,0.116,Brick,760.0,9.6,61.4,1793.15,1
939,226538.0,6,3998,4,2.5,0,1,0.132,Brick,665.0,1.3,55.1,1439.77,0
940,524736.0,20,1056,5,4.5,2,0,0.121,Brick,732.0,4.6,66.8,1764.37,1
941,328136.0,17,4547,3,1.0,0,0,0.09,Brick,731.0,5.8,30.6,1123.07,0
942,510216.0,2,3041,4,4.1,1,0,0.044,Brick,783.0,4.3,28.9,1188.61,1
943,573423.0,41,3975,1,1.5,2,0,0.133,Brick,673.0,2.5,75.5,1919.21,1
944,689332.0,38,4406,4,3.8,1,0,0.126,Wood,663.0,6.1,61.5,1767.17,1
945,284174.0,40,4136,5,3.2,0,0,0.071,Concrete,566.0,7.7,37.9,1210.59,0
946,157147.0,48,1213,2,2.2,0,0,0.006,Brick,694.0,6.6,27.0,983.57,0
947,238976.0,10,2814,1,4.1,0,0,0.096,Concrete,736.0,2.7,25.9,1007.99,0
948,735012.0,38,2181,3,1.0,0,0,0.008,Wood,743.0,7.5,24.3,1232.01,0
949,718029.0,23,1898,5,1.8,0,0,0.139,Wood,763.0,2.9,39.9,1457.51,0
950,538319.0,45,4226,2,3.0,0,0,0.144,Wood,714.0,2.2,49.0,1504.16,0
951,540336.0,18,4455,4,2.2,0,0,0.028,Brick,725.0,7.1,19.9,1068.67,0
952,582274.0,3,1709,2,3.1,0,0,0.101,Concrete,703.0,8.5,29.9,1239.64,0
953,263991.0,25,987,5,1.1,0,0,0.014,Wood,735.0,5.1,17.9,900.5,0
954,744368.0,37,4844,5,1.4,2,0,0.109,Concrete,653.0,5.5,72.1,1953.68,1
955,422201.0,41,4556,2,1.4,1,0,0.052,Wood,630.0,3.4,45.2,1389.1,1
956,399040.0,31,2815,4,1.7,0,1,0.102,Concrete,659.0,5.2,63.0,1644.52,1
957,487297.0,38,2892,2,2.6,0,0,0.056,Wood,711.0,1.8,28.2,1166.65,0
958,180528.0,44,4444,5,3.6,0,0,0.022,Brick,635.0,9.6,31.6,1064.26,1
959,258084.0,45,2930,5,4.2,1,0,0.061,Brick,668.0,8.1,53.3,1428.54,1
960,629722.0,35,1157,3,3.9,0,0,0.017,Brick,670.0,6.8,24.2,1177.86,0
961,203819.0,39,3222,3,1.7,0,0,0.087,Brick,739.0,5.6,38.6,1180.91,0
962,542049.0,36,2297,1,2.5,0,0,0.006,Brick,733.0,8.0,23.6,1125.02,0
963,309477.0,32,2958,5,1.7,0,0,0.079,Concrete,704.0,5.2,33.8,1161.74,0
964,403042.0,35,3355,3,1.9,0,1,0.133,Wood,723.0,3.3,68.9,1735.02,0
965,337651.0,2,3142,2,2.8,0,1,0.126,Concrete,724.0,2.0,53.0,1463.83,0
966,381187.0,8,3751,4,1.2,0,0,0.132,Concrete,682.0,6.7,36.3,1235.09,1
967,617380.0,7,2038,2,1.8,0,0,0.138,Wood,673.0,9.3,39.7,1404.19,1
968,343129.0,32,1773,4,4.3,0,0,0.016,Concrete,777.0,2.0,18.0,941.56,1
969,518163.0,5,4765,3,2.6,0,0,0.019,Wood,576.0,2.2,8.0,879.08,1
970,459433.0,40,1850,1,2.6,0,0,0.084,Concrete,663.0,4.6,37.4,1290.72,0
971,581386.0,38,4501,2,1.1,0,0,0.134,Brick,690.0,8.2,50.2,1543.69,0
972,758939.0,3,3580,2,1.9,0,0,0.146,Brick,728.0,3.3,33.7,1384.97,0
973,626172.0,12,2388,2,4.0,1,0,0.007,Brick,757.0,2.9,24.1,1174.59,1
974,289711.0,48,4678,4,1.6,1,0,0.053,Wood,793.0,6.4,51.2,1412.86,1
975,170269.0,1,3168,3,2.5,0,0,0.032,Wood,695.0,5.6,12.4,771.13,1
976,320472.0,4,1236,2,1.1,1,0,0.113,Brick,699.0,1.1,40.3,1264.74,1
977,536801.0,43,3628,2,2.7,0,0,0.096,Brick,718.0,1.3,37.7,1333.9,0
978,183427.0,26,2356,1,1.1,0,0,0.018,Concrete,673.0,6.6,20.6,900.71,0
979,472638.0,31,4658,1,3.9,0,0,0.073,Wood,641.0,4.9,31.9,1214.82,0
980,537948.0,20,2104,3,3.9,0,1,0.103,Brick,695.0,9.7,63.3,1718.47,0
981,367259.0,7,3184,3,3.8,1,0,0.117,Wood,737.0,6.9,48.1,1405.13,1
982,651093.0,37,982,5,2.0,0,0,0.003,Wood,688.0,0.6,16.0,1065.55,0
983,219289.0,7,2389,1,3.9,2,0,0.134,Concrete,721.0,5.1,64.7,1580.14,1
984,198840.0,49,2387,5,2.9,0,0,0.085,Brick,607.0,4.4,41.0,1214.42,0
985,623323.0,2,1459,4,2.3,1,0,0.122,Brick,701.0,1.5,41.7,1437.16,1
986,472069.0,43,959,5,3.2,0,0,0.121,Brick,680.0,9.3,50.7,1496.53,1
987,597462.0,2,4753,2,1.0,1,0,0.028,Brick,636.0,8.1,29.5,1241.23,1
988,432638.0,21,1811,5,1.5,0,0,0.017,Concrete,733.0,2.7,14.5,933.82,0
989,310161.0,5,852,3,3.6,0,0,0.108,Brick,792.0,2.9,26.5,1052.58,0
990,682417.0,1,3107,4,1.9,0,0,0.023,Concrete,749.0,0.8,5.8,928.21,0
991,669620.0,22,2028,2,3.1,1,0,0.127,Brick,753.0,3.3,52.5,1622.31,1
992,601553.0,43,1835,5,2.3,0,0,0.109,Concrete,736.0,6.1,45.1,1477.28,0
993,326894.0,1,4502,4,4.0,0,0,0.126,Brick,732.0,4.5,30.1,1114.95,0
994,533650.0,37,4845,4,4.3,0,0,0.045,Concrete,610.0,9.7,33.5,1269.32,0
995,384633.0,16,2064,2,4.1,0,0,0.047,Concrete,694.0,1.0,16.8,944.32,0
996,209528.0,34,2684,5,1.9,0,0,0.101,Concrete,725.0,6.1,39.9,1203.26,0
997,746254.0,33,2609,4,1.7,0,0,0.005,Brick,727.0,8.7,22.9,1216.63,0
998,238932.0,22,3967,4,2.7,1,1,0.109,Brick,764.0,5.1,75.7,1754.97,1
999,767654.0,29,4597,1,1.0,0,0,0.125,Wood,648.0,0.5,37.1,1440.33,0
1000,439904.0,7,3141,4,1.1,1,0,0.062,Brick,730.0,2.8,33.0,1214.95,1
